cost_risk_score,cost_risk_level,expenditure_pct,physical_progress_pct,expenditure_progress_gap,schedule_slippage_months,schedule_pressure_ratio,risk_reasons,risk_warnings,project_code,snapshot_date,project_category,actual_cost_overrun_pct
95,HIGH,153.98450284156638,81.0,72.98450284156638,79.0,3.257142857142857,"['Expenditure has exceeded the original approved cost.', 'Expenditure is substantially ahead of physical progress.', 'Project is significantly beyond its original schedule.', 'Elapsed project duration is more than twice the planned duration.']",[],602223,2025-07-01,Other_Power_Transmission,0.0
95,HIGH,156.95289856596597,81.0,75.95289856596597,80.0,3.2857142857142856,"['Expenditure has exceeded the original approved cost.', 'Expenditure is substantially ahead of physical progress.', 'Project is significantly beyond its original schedule.', 'Elapsed project duration is more than twice the planned duration.']",[],602223,2025-08-01,Other_Power_Transmission,92.0175331586187
95,HIGH,159.8161289915489,82.0,77.81612899154891,81.0,2.62,"['Expenditure has exceeded the original approved cost.', 'Expenditure is substantially ahead of physical progress.', 'Project is significantly beyond its original schedule.', 'Elapsed project duration is more than twice the planned duration.']",[],602223,2025-09-01,Other_Power_Transmission,92.0175331586187
95,HIGH,162.06267010487082,82.0,80.06267010487082,82.0,2.64,"['Expenditure has exceeded the original approved cost.', 'Expenditure is substantially ahead of physical progress.', 'Project is significantly beyond its original schedule.', 'Elapsed project duration is more than twice the planned duration.']",[],602223,2025-10-01,Other_Power_Transmission,92.0175331586187
95,HIGH,163.5989247899849,82.0,81.59892478998489,83.0,2.66,"['Expenditure has exceeded the original approved cost.', 'Expenditure is substantially ahead of physical progress.', 'Project is significantly beyond its original schedule.', 'Elapsed project duration is more than twice the planned duration.']",[],602223,2025-11-01,Other_Power_Transmission,92.0175331586187
95,HIGH,164.25179096503885,82.0,82.25179096503885,84.0,2.68,"['Expenditure has exceeded the original approved cost.', 'Expenditure is substantially ahead of physical progress.', 'Project is significantly beyond its original schedule.', 'Elapsed project duration is more than twice the planned duration.']",[],602223,2025-12-01,Other_Power_Transmission,92.0175331586187
95,HIGH,166.24866965896996,83.0,83.24866965896996,85.0,2.7,"['Expenditure has exceeded the original approved cost.', 'Expenditure is substantially ahead of physical progress.', 'Project is significantly beyond its original schedule.', 'Elapsed project duration is more than twice the planned duration.']",[],602223,2026-01-01,Other_Power_Transmission,92.0175331586187
95,HIGH,167.24710900593553,83.0,84.24710900593553,86.0,2.72,"['Expenditure has exceeded the original approved cost.', 'Expenditure is substantially ahead of physical progress.', 'Project is significantly beyond its original schedule.', 'Elapsed project duration is more than twice the planned duration.']",[],602223,2026-02-01,Other_Power_Transmission,92.0175331586187
95,HIGH,168.97539552668886,83.3,85.67539552668886,87.0,2.74,"['Expenditure has exceeded the original approved cost.', 'Expenditure is substantially ahead of physical progress.', 'Project is significantly beyond its original schedule.', 'Elapsed project duration is more than twice the planned duration.']",[],602223,2026-03-01,Other_Power_Transmission,92.0175331586187
95,HIGH,169.72417245426362,83.4,86.32417245426362,88.0,2.76,"['Expenditure has exceeded the original approved cost.', 'Expenditure is substantially ahead of physical progress.', 'Project is significantly beyond its original schedule.', 'Elapsed project duration is more than twice the planned duration.']",[],602223,2026-04-01,Other_Power_Transmission,92.0175331586187
95,HIGH,170.12737620992675,83.5,86.62737620992675,89.0,2.78,"['Expenditure has exceeded the original approved cost.', 'Expenditure is substantially ahead of physical progress.', 'Project is significantly beyond its original schedule.', 'Elapsed project duration is more than twice the planned duration.']",[],602223,2026-05-01,Other_Power_Transmission,92.0175331586187
95,HIGH,170.97227422061997,83.8,87.17227422061997,90.0,2.8,"['Expenditure has exceeded the original approved cost.', 'Expenditure is substantially ahead of physical progress.', 'Project is significantly beyond its original schedule.', 'Elapsed project duration is more than twice the planned duration.']",[],602223,2026-06-01,Other_Power_Transmission,92.0175331586187
5,LOW,70.00103910498424,59.0,11.001039104984244,7.0,1.2121212121212122,['No major cost-risk indicator was detected.'],['Expenditure is currently ahead of physical progress.'],606781,2025-07-01,Transmission_System,0.0
0,LOW,71.97533857504071,75.0,-3.024661424959291,8.0,1.2424242424242424,['No major cost-risk indicator was detected.'],[],606781,2025-08-01,Transmission_System,0.0
0,LOW,84.00124692598109,91.0,-6.998753074018907,9.0,1.2727272727272727,['No major cost-risk indicator was detected.'],[],606781,2025-09-01,Transmission_System,0.0
0,LOW,96.99005922898412,99.0,-2.009940771015877,10.0,1.303030303030303,['No major cost-risk indicator was detected.'],[],606781,2025-10-01,Transmission_System,0.0
75,HIGH,102.78088090575253,96.0,6.780880905752525,79.0,3.393939393939394,"['Expenditure has exceeded the original approved cost.', 'Project is significantly beyond its original schedule.', 'Elapsed project duration is more than twice the planned duration.']",['Expenditure is currently ahead of physical progress.'],607709,2025-07-01,Other_Power_Transmission,31.08134282075311
75,HIGH,103.24592620707332,96.0,7.245926207073325,80.0,3.4242424242424243,"['Expenditure has exceeded the original approved cost.', 'Project is significantly beyond its original schedule.', 'Elapsed project duration is more than twice the planned duration.']",['Expenditure is currently ahead of physical progress.'],607709,2025-08-01,Other_Power_Transmission,31.08134282075311
75,HIGH,103.60669336552326,96.0,7.606693365523256,81.0,3.4545454545454546,"['Expenditure has exceeded the original approved cost.', 'Project is significantly beyond its original schedule.', 'Elapsed project duration is more than twice the planned duration.']",['Expenditure is currently ahead of physical progress.'],607709,2025-09-01,Other_Power_Transmission,31.08134282075311
75,HIGH,104.03926179683174,96.0,8.039261796831738,82.0,3.484848484848485,"['Expenditure has exceeded the original approved cost.', 'Project is significantly beyond its original schedule.', 'Elapsed project duration is more than twice the planned duration.']",['Expenditure is currently ahead of physical progress.'],607709,2025-10-01,Other_Power_Transmission,31.08134282075311
75,HIGH,105.84818432775812,96.0,9.84818432775812,83.0,3.515151515151515,"['Expenditure has exceeded the original approved cost.', 'Project is significantly beyond its original schedule.', 'Elapsed project duration is more than twice the planned duration.']",['Expenditure is currently ahead of physical progress.'],607709,2025-11-01,Other_Power_Transmission,31.08134282075311
75,HIGH,106.47737477329775,96.0,10.477374773297754,84.0,3.5454545454545454,"['Expenditure has exceeded the original approved cost.', 'Project is significantly beyond its original schedule.', 'Elapsed project duration is more than twice the planned duration.']",['Expenditure is currently ahead of physical progress.'],607709,2025-12-01,Other_Power_Transmission,31.08134282075311
75,HIGH,107.10656521883736,96.0,11.10656521883736,85.0,3.5757575757575757,"['Expenditure has exceeded the original approved cost.', 'Project is significantly beyond its original schedule.', 'Elapsed project duration is more than twice the planned duration.']",['Expenditure is currently ahead of physical progress.'],607709,2026-01-01,Other_Power_Transmission,31.08134282075311
75,HIGH,107.73575566437697,96.0,11.735755664376967,86.0,3.606060606060606,"['Expenditure has exceeded the original approved cost.', 'Project is significantly beyond its original schedule.', 'Elapsed project duration is more than twice the planned duration.']",['Expenditure is currently ahead of physical progress.'],607709,2026-02-01,Other_Power_Transmission,31.08134282075311
75,HIGH,109.12521789827696,98.87,10.255217898276953,87.0,3.6363636363636362,"['Expenditure has exceeded the original approved cost.', 'Project is significantly beyond its original schedule.', 'Elapsed project duration is more than twice the planned duration.']",['Expenditure is currently ahead of physical progress.'],607709,2026-03-01,Other_Power_Transmission,31.08134282075311
75,HIGH,109.12521789827696,98.5,10.625217898276958,88.0,3.6666666666666665,"['Expenditure has exceeded the original approved cost.', 'Project is significantly beyond its original schedule.', 'Elapsed project duration is more than twice the planned duration.']",['Expenditure is currently ahead of physical progress.'],607709,2026-04-01,Other_Power_Transmission,31.08134282075311
75,HIGH,109.12521789827696,99.0,10.125217898276958,89.0,3.696969696969697,"['Expenditure has exceeded the original approved cost.', 'Project is significantly beyond its original schedule.', 'Elapsed project duration is more than twice the planned duration.']",['Expenditure is currently ahead of physical progress.'],607709,2026-05-01,Other_Power_Transmission,31.08134282075311
75,HIGH,109.12521789827696,99.1,10.025217898276964,90.0,3.727272727272727,"['Expenditure has exceeded the original approved cost.', 'Project is significantly beyond its original schedule.', 'Elapsed project duration is more than twice the planned duration.']",['Expenditure is currently ahead of physical progress.'],607709,2026-06-01,Other_Power_Transmission,31.08134282075311
0,LOW,90.00062869357475,99.0,-8.999371306425246,3.0,1.0789473684210527,['No major cost-risk indicator was detected.'],[],608302,2025-07-01,Transmission_System,0.0
0,LOW,90.3149754809506,99.0,-8.685024519049406,4.0,1.105263157894737,['No major cost-risk indicator was detected.'],[],608302,2025-08-01,Transmission_System,0.0
0,LOW,97.00113164843457,99.0,-1.9988683515654344,5.0,1.131578947368421,['No major cost-risk indicator was detected.'],[],608302,2025-09-01,Transmission_System,0.0
0,LOW,99.68565321262416,100.0,-0.31434678737583965,6.0,1.1578947368421053,['No major cost-risk indicator was detected.'],[],608302,2025-10-01,Transmission_System,0.0
0,LOW,86.7962828144405,91.0,-4.203717185559498,4.0,1.1666666666666667,['No major cost-risk indicator was detected.'],[],611656,2025-07-01,Transmission_System,-0.04710719027022
0,LOW,89.96702496681085,93.0,-3.032975033189146,5.0,1.2083333333333333,['No major cost-risk indicator was detected.'],[],611656,2025-08-01,Transmission_System,-0.04710719027022
5,LOW,94.68545244315018,94.0,0.6854524431501829,6.0,1.25,['No major cost-risk indicator was detected.'],['Expenditure is currently ahead of physical progress.'],611656,2025-09-01,Transmission_System,-0.04710719027022
5,LOW,98.30328465590338,97.0,1.3032846559033828,7.0,1.2916666666666667,['No major cost-risk indicator was detected.'],['Expenditure is currently ahead of physical progress.'],611656,2025-10-01,Transmission_System,-0.04710719027022
5,LOW,86.99995391688735,84.0,2.9999539168873497,4.0,1.1666666666666667,['No major cost-risk indicator was detected.'],['Expenditure is currently ahead of physical progress.'],611657,2025-07-01,Transmission_System,0.0
5,LOW,91.11163102315145,84.0,7.111631023151446,5.0,1.2083333333333333,['No major cost-risk indicator was detected.'],['Expenditure is currently ahead of physical progress.'],611657,2025-08-01,Transmission_System,0.0
5,LOW,93.54978216867129,90.0,3.5497821686712854,6.0,1.25,['No major cost-risk indicator was detected.'],['Expenditure is currently ahead of physical progress.'],611657,2025-09-01,Transmission_System,0.0
5,LOW,96.99998936543554,93.0,3.999989365435539,7.0,1.2916666666666667,['No major cost-risk indicator was detected.'],['Expenditure is currently ahead of physical progress.'],611657,2025-10-01,Transmission_System,0.0
5,LOW,98.66004487786203,95.0,3.6600448778620347,8.0,1.3333333333333333,['No major cost-risk indicator was detected.'],['Expenditure is currently ahead of physical progress.'],611657,2025-11-01,Transmission_System,0.0
5,LOW,98.66004487786203,98.0,0.6600448778620347,9.0,1.375,['No major cost-risk indicator was detected.'],['Expenditure is currently ahead of physical progress.'],611657,2025-12-01,Transmission_System,0.0
5,LOW,93.6104599240902,93.0,0.6104599240901933,10.0,1.5555555555555556,['No major cost-risk indicator was detected.'],['Expenditure is currently ahead of physical progress.'],611659,2025-07-01,Transmission_System,-0.0195356106273702
0,LOW,94.86143670462158,95.0,-0.13856329537841816,11.0,1.6111111111111112,['No major cost-risk indicator was detected.'],[],611659,2025-08-01,Transmission_System,-0.0195356106273702
0,LOW,96.98105045769144,97.0,-0.018949542308561718,12.0,1.6666666666666667,['No major cost-risk indicator was detected.'],[],611659,2025-09-01,Transmission_System,-0.0195356106273702
5,LOW,98.9806597454789,98.0,0.9806597454789028,13.0,1.7222222222222223,['No major cost-risk indicator was detected.'],['Expenditure is currently ahead of physical progress.'],611659,2025-10-01,Transmission_System,-0.0195356106273702
5,LOW,98.9806597454789,98.0,0.9806597454789028,14.0,1.7777777777777777,['No major cost-risk indicator was detected.'],['Expenditure is currently ahead of physical progress.'],611659,2025-11-01,Transmission_System,-0.0195356106273702
0,LOW,92.54957126159766,95.0,-2.450428738402337,7.0,1.3333333333333333,['No major cost-risk indicator was detected.'],[],611660,2025-07-01,Substation_Grid_Equipment,0.0
0,LOW,93.55909763237104,95.0,-1.440902367628965,8.0,1.380952380952381,['No major cost-risk indicator was detected.'],[],611660,2025-08-01,Substation_Grid_Equipment,0.0
0,LOW,94.32968897071754,96.0,-1.670311029282459,9.0,1.4285714285714286,['No major cost-risk indicator was detected.'],[],611660,2025-09-01,Substation_Grid_Equipment,0.0
0,LOW,96.84005833738456,97.0,-0.15994166261543796,10.0,1.4761904761904763,['No major cost-risk indicator was detected.'],[],611660,2025-10-01,Substation_Grid_Equipment,0.0
0,LOW,24.998832593976186,46.0,-21.001167406023814,1.0,1.0526315789473684,['No major cost-risk indicator was detected.'],[],611947,2025-07-01,Transmission_System,0.0
0,LOW,42.00093392481905,51.0,-8.999066075180949,2.0,1.105263157894737,['No major cost-risk indicator was detected.'],[],611947,2025-08-01,Transmission_System,0.0
0,LOW,47.99906607518095,54.0,-6.000933924819051,3.0,1.1578947368421053,['No major cost-risk indicator was detected.'],[],611947,2025-09-01,Transmission_System,0.0
0,LOW,67.99906607518095,73.0,-5.000933924819051,4.0,1.2105263157894737,['No major cost-risk indicator was detected.'],[],611947,2025-10-01,Transmission_System,0.0
0,LOW,72.00093392481904,80.0,-7.999066075180963,5.0,1.263157894736842,['No major cost-risk indicator was detected.'],[],611947,2025-11-01,Transmission_System,0.0
0,LOW,78.00140088722857,82.0,-3.99859911277143,6.0,1.3157894736842106,['No major cost-risk indicator was detected.'],[],611947,2025-12-01,Transmission_System,0.0
0,LOW,82.00093392481904,84.0,-1.9990660751809628,7.0,1.368421052631579,['No major cost-risk indicator was detected.'],[],611947,2026-01-01,Transmission_System,0.0
0,LOW,86.99976651879524,89.0,-2.0002334812047593,8.0,1.4210526315789473,['No major cost-risk indicator was detected.'],[],611947,2026-02-01,Transmission_System,0.0
0,LOW,94.99883259397618,97.4,-2.4011674060238306,9.0,1.4736842105263157,['No major cost-risk indicator was detected.'],[],611947,2026-03-01,Transmission_System,0.0
0,LOW,96.99976651879524,98.4,-1.400233481204765,10.0,1.5263157894736843,['No major cost-risk indicator was detected.'],[],611947,2026-04-01,Transmission_System,0.0
0,LOW,66.87954477121636,79.0,-12.12045522878364,3.0,1.1666666666666667,['No major cost-risk indicator was detected.'],[],611949,2025-07-01,Transmission_System,0.0
0,LOW,69.47973853297847,83.0,-13.520261467021527,4.0,1.2222222222222223,['No major cost-risk indicator was detected.'],[],611949,2025-08-01,Transmission_System,0.0
0,LOW,74.99972160666363,85.0,-10.000278393336373,5.0,1.2777777777777777,['No major cost-risk indicator was detected.'],[],611949,2025-09-01,Transmission_System,0.0
0,LOW,79.99966592799635,89.0,-9.000334072003653,6.0,1.3333333333333333,['No major cost-risk indicator was detected.'],[],611949,2025-10-01,Transmission_System,0.0
0,LOW,87.99957684212872,92.0,-4.000423157871282,7.0,1.3888888888888888,['No major cost-risk indicator was detected.'],[],611949,2025-11-01,Transmission_System,0.0
0,LOW,90.29910580060356,94.0,-3.700894199396444,8.0,1.4444444444444444,['No major cost-risk indicator was detected.'],[],611949,2025-12-01,Transmission_System,0.0
0,LOW,93.99951002772798,96.0,-2.000489972272021,10.0,1.5555555555555556,['No major cost-risk indicator was detected.'],[],611949,2026-02-01,Transmission_System,0.0
0,LOW,95.99948775626108,98.47,-2.4705122437389235,11.0,1.6111111111111112,['No major cost-risk indicator was detected.'],[],611949,2026-03-01,Transmission_System,0.0
5,LOW,79.45985921279684,77.0,2.459859212796843,3.0,1.1578947368421053,['No major cost-risk indicator was detected.'],['Expenditure is currently ahead of physical progress.'],611950,2025-07-01,Transmission_System,0.0
5,LOW,85.39994704502087,83.0,2.399947045020866,4.0,1.2105263157894737,['No major cost-risk indicator was detected.'],['Expenditure is currently ahead of physical progress.'],611950,2025-08-01,Transmission_System,0.0
0,LOW,87.00000913016882,89.0,-1.99999086983118,5.0,1.263157894736842,['No major cost-risk indicator was detected.'],[],611950,2025-09-01,Transmission_System,0.0
0,LOW,88.99997260949355,91.0,-2.000027390506446,6.0,1.3157894736842106,['No major cost-risk indicator was detected.'],[],611950,2025-10-01,Transmission_System,0.0
0,LOW,91.34003487724488,96.0,-4.659965122755125,7.0,1.368421052631579,['No major cost-risk indicator was detected.'],[],611950,2025-11-01,Transmission_System,0.0
0,LOW,94.9281912222557,98.0,-3.0718087777442946,8.0,1.4210526315789473,['No major cost-risk indicator was detected.'],[],611950,2025-12-01,Transmission_System,0.0
0,LOW,97.66724186730214,99.0,-1.3327581326978617,9.0,1.4736842105263157,['No major cost-risk indicator was detected.'],[],611950,2026-01-01,Transmission_System,0.0
5,LOW,9.9995543870594,9.0,0.9995543870593995,-0.0,1.0,['No major cost-risk indicator was detected.'],['Expenditure is currently ahead of physical progress.'],611966,2025-07-01,Transmission_System,0.0
5,LOW,10.97990285637895,10.0,0.9799028563789491,1.0,1.05,['No major cost-risk indicator was detected.'],['Expenditure is currently ahead of physical progress.'],611966,2025-08-01,Transmission_System,0.0
0,LOW,11.496813867474712,12.0,-0.503186132525288,2.0,1.1,['No major cost-risk indicator was detected.'],[],611966,2025-09-01,Transmission_System,0.0
0,LOW,14.999331580589098,18.0,-3.0006684194109017,3.0,1.15,['No major cost-risk indicator was detected.'],[],611966,2025-10-01,Transmission_System,0.0
0,LOW,39.95365625417762,44.0,-4.0463437458223765,4.0,1.2,['No major cost-risk indicator was detected.'],[],611966,2025-11-01,Transmission_System,0.0
0,LOW,48.99959894835346,49.0,-0.0004010516465413616,5.0,1.25,['No major cost-risk indicator was detected.'],[],611966,2025-12-01,Transmission_System,0.0
0,LOW,53.99937614188316,63.0,-9.000623858116839,6.0,1.3,['No major cost-risk indicator was detected.'],[],611966,2026-01-01,Transmission_System,0.0
0,LOW,71.99768281270887,74.0,-2.0023171872911263,7.0,1.35,['No major cost-risk indicator was detected.'],[],611966,2026-02-01,Transmission_System,0.0
0,LOW,87.99518738024152,90.8,-2.8048126197584793,8.0,1.4,['No major cost-risk indicator was detected.'],[],611966,2026-03-01,Transmission_System,0.0
0,LOW,91.99679158682768,94.8,-2.803208413172314,9.0,1.45,['No major cost-risk indicator was detected.'],[],611966,2026-04-01,Transmission_System,0.0
0,LOW,95.99839579341383,99.6,-3.6016042065861598,10.0,1.5,['No major cost-risk indicator was detected.'],[],611966,2026-05-01,Transmission_System,0.0
0,LOW,100.0,100.0,0.0,11.0,1.55,['No major cost-risk indicator was detected.'],[],611966,2026-06-01,Transmission_System,0.0
0,LOW,65.68964274559738,78.0,-12.310357254402618,0.0,0.9166666666666666,['No major cost-risk indicator was detected.'],[],611967,2025-07-01,Transmission_System,0.0
0,LOW,68.94985945270643,82.0,-13.050140547293566,0.0,0.9583333333333334,['No major cost-risk indicator was detected.'],[],611967,2025-08-01,Transmission_System,0.0
0,LOW,73.99995194964322,84.0,-10.000048050356781,-0.0,1.0,['No major cost-risk indicator was detected.'],[],611967,2025-09-01,Transmission_System,0.0
0,LOW,79.99983983214408,87.0,-7.000160167855924,1.0,1.0416666666666667,['No major cost-risk indicator was detected.'],[],611967,2025-10-01,Transmission_System,0.0
0,LOW,81.99953551321785,90.0,-8.00046448678215,2.0,1.0833333333333333,['No major cost-risk indicator was detected.'],[],611967,2025-11-01,Transmission_System,0.0
0,LOW,86.29924160520224,91.0,-4.700758394797759,3.0,1.125,['No major cost-risk indicator was detected.'],[],611967,2025-12-01,Transmission_System,0.0
0,LOW,88.28932721492123,93.0,-4.710672785078771,4.0,1.1666666666666667,['No major cost-risk indicator was detected.'],[],611967,2026-01-01,Transmission_System,0.0
0,LOW,93.99931127821957,96.0,-2.0006887217804348,5.0,1.2083333333333333,['No major cost-risk indicator was detected.'],[],611967,2026-02-01,Transmission_System,0.0
0,LOW,95.9998077985729,97.52,-1.5201922014270934,6.0,1.25,['No major cost-risk indicator was detected.'],[],611967,2026-03-01,Transmission_System,0.0
0,LOW,60.9996181819875,64.0,-3.0003818180124995,0.0,0.7916666666666666,['No major cost-risk indicator was detected.'],[],612138,2025-09-01,Transmission_System,0.0
0,LOW,66.99974855886983,67.0,-0.0002514411301746122,0.0,0.8333333333333334,['No major cost-risk indicator was detected.'],[],612138,2025-10-01,Transmission_System,0.0
0,LOW,70.10970283383467,71.0,-0.8902971661653254,0.0,0.875,['No major cost-risk indicator was detected.'],[],612138,2025-11-01,Transmission_System,0.0
0,LOW,78.47989867853717,79.0,-0.5201013214628318,0.0,0.9166666666666666,['No major cost-risk indicator was detected.'],[],612138,2025-12-01,Transmission_System,0.0
5,LOW,82.38980825285665,82.0,0.3898082528566533,0.0,0.9583333333333334,['No major cost-risk indicator was detected.'],['Expenditure is currently ahead of physical progress.'],612138,2026-01-01,Transmission_System,0.0
0,LOW,84.99967405779422,87.32,-2.32032594220577,1.0,1.0416666666666667,['No major cost-risk indicator was detected.'],[],612138,2026-03-01,Transmission_System,0.0
5,LOW,39.999786770154216,21.0,18.999786770154216,0.0,0.7916666666666666,['No major cost-risk indicator was detected.'],['Expenditure is currently ahead of physical progress.'],612139,2025-07-01,Transmission_System,0.0
5,LOW,41.998816574355914,22.0,19.998816574355914,0.0,0.8333333333333334,['No major cost-risk indicator was detected.'],['Expenditure is currently ahead of physical progress.'],612139,2025-08-01,Transmission_System,0.0
25,LOW,45.00002665373072,25.0,20.00002665373072,0.0,0.875,['Expenditure is substantially ahead of physical progress.'],[],612139,2025-09-01,Transmission_System,0.0
5,LOW,45.00002665373072,28.0,17.00002665373072,0.0,0.9166666666666666,['No major cost-risk indicator was detected.'],['Expenditure is currently ahead of physical progress.'],612139,2025-10-01,Transmission_System,0.0
25,LOW,53.99992536955397,32.0,21.99992536955397,0.0,0.9583333333333334,['Expenditure is substantially ahead of physical progress.'],[],612139,2025-11-01,Transmission_System,0.0
5,LOW,56.00002132298457,38.0,18.000021322984573,-0.0,1.0,['No major cost-risk indicator was detected.'],['Expenditure is currently ahead of physical progress.'],612139,2025-12-01,Transmission_System,0.0
5,LOW,56.99980276239266,42.0,14.999802762392662,1.0,1.0416666666666667,['No major cost-risk indicator was detected.'],['Expenditure is currently ahead of physical progress.'],612139,2026-01-01,Transmission_System,0.0
5,LOW,57.99985073910795,50.0,7.9998507391079485,2.0,1.0833333333333333,['No major cost-risk indicator was detected.'],['Expenditure is currently ahead of physical progress.'],612139,2026-02-01,Transmission_System,0.0
5,LOW,58.499874727465595,55.23,3.2698747274655986,3.0,1.125,['No major cost-risk indicator was detected.'],['Expenditure is currently ahead of physical progress.'],612139,2026-03-01,Transmission_System,0.0
5,LOW,46.10696375359505,46.0,0.10696375359505339,0.0,0.8333333333333334,['No major cost-risk indicator was detected.'],['Expenditure is currently ahead of physical progress.'],612140,2025-08-01,Transmission_System,0.0
5,LOW,50.6297176912774,50.0,0.6297176912773992,0.0,0.875,['No major cost-risk indicator was detected.'],['Expenditure is currently ahead of physical progress.'],612140,2025-09-01,Transmission_System,0.0
0,LOW,53.08698375781739,54.0,-0.9130162421826071,0.0,0.9166666666666666,['No major cost-risk indicator was detected.'],[],612140,2025-10-01,Transmission_System,0.0
0,LOW,59.99986156247513,61.0,-1.0001384375248676,0.0,0.9583333333333334,['No major cost-risk indicator was detected.'],[],612140,2025-11-01,Transmission_System,0.0
0,LOW,63.73975129698657,68.0,-4.260248703013431,-0.0,1.0,['No major cost-risk indicator was detected.'],[],612140,2025-12-01,Transmission_System,0.0
0,LOW,70.36987045708611,72.0,-1.6301295429138918,1.0,1.0416666666666667,['No major cost-risk indicator was detected.'],[],612140,2026-01-01,Transmission_System,0.0
0,LOW,71.99997231249503,76.0,-4.000027687504968,2.0,1.0833333333333333,['No major cost-risk indicator was detected.'],[],612140,2026-02-01,Transmission_System,0.0
0,LOW,76.99998961718563,80.41,-3.410010382814363,3.0,1.125,['No major cost-risk indicator was detected.'],[],612140,2026-03-01,Transmission_System,0.0
5,LOW,0.4620311070448308,0.0,0.4620311070448308,0.0,0.5833333333333334,['No major cost-risk indicator was detected.'],['Expenditure is currently ahead of physical progress.'],617179,2025-09-01,Transmission_System,0.0
5,LOW,0.9652333028362304,0.0,0.9652333028362304,0.0,0.625,['No major cost-risk indicator was detected.'],['Expenditure is currently ahead of physical progress.'],617179,2025-10-01,Transmission_System,0.0
5,LOW,1.2397072278133576,1.0,0.23970722781335763,0.0,0.75,['No major cost-risk indicator was detected.'],['Expenditure is currently ahead of physical progress.'],617179,2026-01-01,Transmission_System,0.0
5,LOW,1.5004574565416284,1.0,0.5004574565416284,0.0,0.7916666666666666,['No major cost-risk indicator was detected.'],['Expenditure is currently ahead of physical progress.'],617179,2026-02-01,Transmission_System,0.0
5,LOW,1.5004574565416284,1.5,0.0004574565416284315,0.0,0.8333333333333334,['No major cost-risk indicator was detected.'],['Expenditure is currently ahead of physical progress.'],617179,2026-03-01,Transmission_System,0.0
5,LOW,1.7017383348581887,1.7,0.0017383348581887503,0.0,0.875,['No major cost-risk indicator was detected.'],['Expenditure is currently ahead of physical progress.'],617179,2026-04-01,Transmission_System,0.0
5,LOW,1.7017383348581887,1.7,0.0017383348581887503,0.0,0.9166666666666666,['No major cost-risk indicator was detected.'],['Expenditure is currently ahead of physical progress.'],617179,2026-05-01,Transmission_System,0.0
5,LOW,1.7017383348581887,1.7,0.0017383348581887503,0.0,0.9583333333333334,['No major cost-risk indicator was detected.'],['Expenditure is currently ahead of physical progress.'],617179,2026-06-01,Transmission_System,0.0
0,LOW,4.689629246745923,11.17,-6.480370753254077,-0.0,1.0,['No major cost-risk indicator was detected.'],[],617269,2026-06-01,Transmission_System,0.0
5,LOW,0.0782510881791949,0.0,0.0782510881791949,0.0,0.6111111111111112,['No major cost-risk indicator was detected.'],['Expenditure is currently ahead of physical progress.'],617270,2025-10-01,Transmission_System,0.0
5,LOW,0.0782510881791949,0.0,0.0782510881791949,0.0,0.6666666666666666,['No major cost-risk indicator was detected.'],['Expenditure is currently ahead of physical progress.'],617270,2025-11-01,Transmission_System,0.0
5,LOW,0.0978138602239937,0.0,0.0978138602239937,0.0,0.7222222222222222,['No major cost-risk indicator was detected.'],['Expenditure is currently ahead of physical progress.'],617270,2025-12-01,Transmission_System,0.0
5,LOW,0.4988506871423681,0.0,0.4988506871423681,0.0,0.7777777777777778,['No major cost-risk indicator was detected.'],['Expenditure is currently ahead of physical progress.'],617270,2026-01-01,Transmission_System,0.0
5,LOW,1.0001467207903358,1.0,0.0001467207903358414,0.0,0.8333333333333334,['No major cost-risk indicator was detected.'],['Expenditure is currently ahead of physical progress.'],617270,2026-02-01,Transmission_System,0.0
0,LOW,1.0001467207903358,1.1,-0.09985327920966425,0.0,0.8888888888888888,['No major cost-risk indicator was detected.'],[],617270,2026-03-01,Transmission_System,0.0
0,LOW,1.4989974079327042,1.5,-0.0010025920672958044,0.0,0.9444444444444444,['No major cost-risk indicator was detected.'],[],617270,2026-04-01,Transmission_System,0.0
0,LOW,1.4989974079327042,1.5,-0.0010025920672958044,-0.0,1.0,['No major cost-risk indicator was detected.'],[],617270,2026-05-01,Transmission_System,0.0
0,LOW,1.4989974079327042,1.5,-0.0010025920672958044,1.0,1.0555555555555556,['No major cost-risk indicator was detected.'],[],617270,2026-06-01,Transmission_System,0.0
0,LOW,89.4585425430859,95.0,-5.541457456914102,0.0,0.9822485207100592,['No major cost-risk indicator was detected.'],[],617326,2025-12-01,Substation_Grid_Equipment,0.0
0,LOW,89.4585425430859,95.0,-5.541457456914102,0.0,0.9881656804733728,['No major cost-risk indicator was detected.'],[],617326,2026-01-01,Substation_Grid_Equipment,0.0
0,LOW,89.4585425430859,95.0,-5.541457456914102,0.0,0.9940828402366864,['No major cost-risk indicator was detected.'],[],617326,2026-02-01,Substation_Grid_Equipment,0.0
0,LOW,89.4585425430859,95.4,-5.941457456914108,-0.0,1.0,['No major cost-risk indicator was detected.'],[],617326,2026-03-01,Substation_Grid_Equipment,0.0
0,LOW,89.4585425430859,96.0,-6.541457456914102,1.0,1.0059171597633136,['No major cost-risk indicator was detected.'],[],617326,2026-04-01,Substation_Grid_Equipment,0.0
0,LOW,89.4585425430859,96.2,-6.741457456914105,2.0,1.0118343195266273,['No major cost-risk indicator was detected.'],[],617326,2026-05-01,Substation_Grid_Equipment,0.0
0,LOW,89.4585425430859,96.3,-6.8414574569141,3.0,1.017751479289941,['No major cost-risk indicator was detected.'],[],617326,2026-06-01,Substation_Grid_Equipment,0.0
5,LOW,0.0343796197614054,0.0,0.0343796197614054,0.0,0.3333333333333333,['No major cost-risk indicator was detected.'],['Expenditure is currently ahead of physical progress.'],617801,2025-10-01,Substation_Grid_Equipment,0.0
5,LOW,0.0343796197614054,0.0,0.0343796197614054,0.0,0.38095238095238093,['No major cost-risk indicator was detected.'],['Expenditure is currently ahead of physical progress.'],617801,2025-11-01,Substation_Grid_Equipment,0.0
5,LOW,0.1994017946161515,0.0,0.1994017946161515,0.0,0.42857142857142855,['No major cost-risk indicator was detected.'],['Expenditure is currently ahead of physical progress.'],617801,2025-12-01,Substation_Grid_Equipment,0.0
5,LOW,0.5002234675284492,0.0,0.5002234675284492,0.0,0.47619047619047616,['No major cost-risk indicator was detected.'],['Expenditure is currently ahead of physical progress.'],617801,2026-01-01,Substation_Grid_Equipment,0.0
0,LOW,0.998727954068828,1.0,-0.0012720459311720278,0.0,0.5238095238095238,['No major cost-risk indicator was detected.'],[],617801,2026-02-01,Substation_Grid_Equipment,0.0
0,LOW,1.1998487296730498,1.2,-0.00015127032695017029,0.0,0.5714285714285714,['No major cost-risk indicator was detected.'],[],617801,2026-03-01,Substation_Grid_Equipment,0.0
0,LOW,1.2170385395537524,1.5,-0.2829614604462476,0.0,0.6190476190476191,['No major cost-risk indicator was detected.'],[],617801,2026-04-01,Substation_Grid_Equipment,0.0
0,LOW,1.9991748891257264,2.0,-0.0008251108742736157,0.0,0.6666666666666666,['No major cost-risk indicator was detected.'],[],617801,2026-05-01,Substation_Grid_Equipment,0.0
0,LOW,2.9996218241826247,6.0,-3.0003781758173753,0.0,0.7142857142857143,['No major cost-risk indicator was detected.'],[],617801,2026-06-01,Substation_Grid_Equipment,0.0
0,LOW,5.9983720493394275,9.0,-3.0016279506605725,0.0,0.9444444444444444,['No major cost-risk indicator was detected.'],[],619029,2026-02-01,Transmission_System,0.0
0,LOW,14.49815290213512,15.0,-0.5018470978648804,-0.0,1.0,['No major cost-risk indicator was detected.'],[],619029,2026-03-01,Transmission_System,0.0
0,LOW,15.997745914469975,18.0,-2.0022540855300246,1.0,1.0555555555555556,['No major cost-risk indicator was detected.'],[],619029,2026-04-01,Transmission_System,0.0
0,LOW,15.997745914469975,21.0,-5.002254085530025,2.0,1.1111111111111112,['No major cost-risk indicator was detected.'],[],619029,2026-05-01,Transmission_System,0.0
0,LOW,19.998747730261098,31.0,-11.001252269738902,3.0,1.1666666666666667,['No major cost-risk indicator was detected.'],[],619029,2026-06-01,Transmission_System,0.0
0,LOW,87.99979700812531,94.0,-6.000202991874687,8.0,1.4,['No major cost-risk indicator was detected.'],[],900808,2025-07-01,Transmission_System,0.0
0,LOW,90.00011277326372,95.0,-4.999887226736277,9.0,1.45,['No major cost-risk indicator was detected.'],[],900808,2025-08-01,Transmission_System,0.0
0,LOW,91.99986467208352,96.0,-4.000135327916482,10.0,1.5,['No major cost-risk indicator was detected.'],[],900808,2025-09-01,Transmission_System,0.0
0,LOW,94.99991542005222,97.0,-2.0000845799477815,11.0,1.55,['No major cost-risk indicator was detected.'],[],900808,2025-10-01,Transmission_System,0.0
0,LOW,95.98668147755532,98.0,-2.0133185224446777,12.0,1.6,['No major cost-risk indicator was detected.'],[],900808,2025-11-01,Transmission_System,0.0
0,LOW,96.99882151939416,98.0,-1.0011784806058444,13.0,1.65,['No major cost-risk indicator was detected.'],[],900808,2025-12-01,Transmission_System,0.0
0,LOW,97.99996616802088,99.0,-1.000033831979124,14.0,1.7,['No major cost-risk indicator was detected.'],[],900808,2026-01-01,Transmission_System,0.0
0,LOW,98.99998308401044,99.0,-1.6915989561994138e-05,15.0,1.75,['No major cost-risk indicator was detected.'],[],900808,2026-02-01,Transmission_System,0.0
0,LOW,99.49985057542555,99.68,-0.18014942457445215,16.0,1.8,['No major cost-risk indicator was detected.'],[],900808,2026-03-01,Transmission_System,0.0
0,LOW,99.59993684697233,99.69,-0.0900631530276712,17.0,1.85,['No major cost-risk indicator was detected.'],[],900808,2026-04-01,Transmission_System,0.0
0,LOW,99.59993684697233,99.69,-0.0900631530276712,18.0,1.9,['No major cost-risk indicator was detected.'],[],900808,2026-05-01,Transmission_System,0.0
35,MEDIUM,82.0111448834853,96.0,-13.9888551165147,77.0,3.138888888888889,"['Project is significantly beyond its original schedule.', 'Elapsed project duration is more than twice the planned duration.']",[],N18000184,2024-08-01,Other_Power_Transmission,0.0
35,MEDIUM,82.5177304964539,98.0,-15.482269503546107,80.0,3.2222222222222223,"['Project is significantly beyond its original schedule.', 'Elapsed project duration is more than twice the planned duration.']",[],N18000184,2024-11-01,Other_Power_Transmission,0.0
95,HIGH,140.59338468204322,77.1,63.49338468204323,68.0,2.4166666666666665,"['Expenditure has exceeded the original approved cost.', 'Expenditure is substantially ahead of physical progress.', 'Project is significantly beyond its original schedule.', 'Elapsed project duration is more than twice the planned duration.']",[],N18000249,2024-08-01,Other_Power_Transmission,92.0175331586187
95,HIGH,141.43134178301452,77.14,64.29134178301452,69.0,2.4375,"['Expenditure has exceeded the original approved cost.', 'Expenditure is substantially ahead of physical progress.', 'Project is significantly beyond its original schedule.', 'Elapsed project duration is more than twice the planned duration.']",[],N18000249,2024-09-01,Other_Power_Transmission,92.0175331586187
95,HIGH,144.4866040442367,77.6,66.88660404423672,71.0,2.4791666666666665,"['Expenditure has exceeded the original approved cost.', 'Expenditure is substantially ahead of physical progress.', 'Project is significantly beyond its original schedule.', 'Elapsed project duration is more than twice the planned duration.']",[],N18000249,2024-11-01,Other_Power_Transmission,92.0175331586187
95,HIGH,145.0052792980006,77.6,67.40527929800061,72.0,2.5,"['Expenditure has exceeded the original approved cost.', 'Expenditure is substantially ahead of physical progress.', 'Project is significantly beyond its original schedule.', 'Elapsed project duration is more than twice the planned duration.']",[],N18000249,2024-12-01,Other_Power_Transmission,92.0175331586187
95,HIGH,145.93473020894243,77.9,68.03473020894242,73.0,2.5208333333333335,"['Expenditure has exceeded the original approved cost.', 'Expenditure is substantially ahead of physical progress.', 'Project is significantly beyond its original schedule.', 'Elapsed project duration is more than twice the planned duration.']",[],N18000249,2025-01-01,Other_Power_Transmission,92.0175331586187
95,HIGH,147.4364906760446,79.5,67.9364906760446,74.0,2.5416666666666665,"['Expenditure has exceeded the original approved cost.', 'Expenditure is substantially ahead of physical progress.', 'Project is significantly beyond its original schedule.', 'Elapsed project duration is more than twice the planned duration.']",[],N18000249,2025-02-01,Other_Power_Transmission,92.0175331586187
95,HIGH,159.9025748671762,80.0,79.90257486717621,75.0,2.5625,"['Expenditure has exceeded the original approved cost.', 'Expenditure is substantially ahead of physical progress.', 'Project is significantly beyond its original schedule.', 'Elapsed project duration is more than twice the planned duration.']",[],N18000249,2025-03-01,Other_Power_Transmission,92.0175331586187
60,HIGH,159.9025748671762,81.0,78.90257486717621,1.0,1.0133333333333334,"['Expenditure has exceeded the original approved cost.', 'Expenditure is substantially ahead of physical progress.']",[],N18000249,2025-04-01,Other_Power_Transmission,92.0175331586187
95,HIGH,159.9025748671762,81.5,78.40257486717621,77.0,2.6041666666666665,"['Expenditure has exceeded the original approved cost.', 'Expenditure is substantially ahead of physical progress.', 'Project is significantly beyond its original schedule.', 'Elapsed project duration is more than twice the planned duration.']",[],N18000249,2025-05-01,Other_Power_Transmission,92.0175331586187
95,HIGH,159.9025748671762,81.7,78.20257486717621,78.0,2.625,"['Expenditure has exceeded the original approved cost.', 'Expenditure is substantially ahead of physical progress.', 'Project is significantly beyond its original schedule.', 'Elapsed project duration is more than twice the planned duration.']",[],N18000249,2025-06-01,Other_Power_Transmission,92.0175331586187
40,MEDIUM,96.36493828416478,95.0,1.3649382841647792,68.0,2.4166666666666665,"['Project is significantly beyond its original schedule.', 'Elapsed project duration is more than twice the planned duration.']",['Expenditure is currently ahead of physical progress.'],N18000250,2024-08-01,Other_Power_Transmission,31.08134282075311
40,MEDIUM,97.57949496510692,95.3,2.2794949651069203,71.0,2.4791666666666665,"['Project is significantly beyond its original schedule.', 'Elapsed project duration is more than twice the planned duration.']",['Expenditure is currently ahead of physical progress.'],N18000250,2024-11-01,Other_Power_Transmission,31.08134282075311
40,MEDIUM,98.22414127047168,95.4,2.824141270471671,72.0,2.5,"['Project is significantly beyond its original schedule.', 'Elapsed project duration is more than twice the planned duration.']",['Expenditure is currently ahead of physical progress.'],N18000250,2024-12-01,Other_Power_Transmission,31.08134282075311
40,MEDIUM,98.33761467171948,95.5,2.8376146717194786,73.0,2.5208333333333335,"['Project is significantly beyond its original schedule.', 'Elapsed project duration is more than twice the planned duration.']",['Expenditure is currently ahead of physical progress.'],N18000250,2025-01-01,Other_Power_Transmission,31.08134282075311
40,MEDIUM,99.11432053888127,95.6,3.514320538881279,74.0,2.5416666666666665,"['Project is significantly beyond its original schedule.', 'Elapsed project duration is more than twice the planned duration.']",['Expenditure is currently ahead of physical progress.'],N18000250,2025-02-01,Other_Power_Transmission,31.08134282075311
75,HIGH,103.22929648447663,95.7,7.529296484476632,75.0,2.5625,"['Expenditure has exceeded the original approved cost.', 'Project is significantly beyond its original schedule.', 'Elapsed project duration is more than twice the planned duration.']",['Expenditure is currently ahead of physical progress.'],N18000250,2025-03-01,Other_Power_Transmission,31.08134282075311
40,MEDIUM,103.22929648447663,95.8,7.429296484476637,1.0,1.0133333333333334,['Expenditure has exceeded the original approved cost.'],['Expenditure is currently ahead of physical progress.'],N18000250,2025-04-01,Other_Power_Transmission,31.08134282075311
75,HIGH,103.22929648447663,95.9,7.329296484476629,77.0,2.6041666666666665,"['Expenditure has exceeded the original approved cost.', 'Project is significantly beyond its original schedule.', 'Elapsed project duration is more than twice the planned duration.']",['Expenditure is currently ahead of physical progress.'],N18000250,2025-05-01,Other_Power_Transmission,31.08134282075311
75,HIGH,102.32209620587987,96.0,6.322096205879873,78.0,2.625,"['Expenditure has exceeded the original approved cost.', 'Project is significantly beyond its original schedule.', 'Elapsed project duration is more than twice the planned duration.']",['Expenditure is currently ahead of physical progress.'],N18000250,2025-06-01,Other_Power_Transmission,31.08134282075311
10,LOW,70.93714131388832,97.0,-26.06285868611168,23.0,2.4375,['Elapsed project duration is more than twice the planned duration.'],[],N18000300,2024-08-01,Transmission_System,0.0
10,LOW,74.3437900128041,92.0,-17.656209987195894,20.0,2.111111111111111,['Elapsed project duration is more than twice the planned duration.'],[],N18000306,2024-08-01,Transmission_System,0.0
10,LOW,82.73047375160051,99.0,-16.269526248399487,23.0,2.2777777777777777,['Elapsed project duration is more than twice the planned duration.'],[],N18000306,2024-11-01,Transmission_System,0.0
10,LOW,87.40656063618289,95.0,-7.593439363817112,20.0,2.111111111111111,['Elapsed project duration is more than twice the planned duration.'],[],N18000307,2024-08-01,Transmission_System,0.0
10,LOW,87.88369781312127,100.0,-12.116302186878727,23.0,2.2777777777777777,['Elapsed project duration is more than twice the planned duration.'],[],N18000307,2024-11-01,Transmission_System,0.0
5,LOW,45.64788195767379,44.0,1.647881957673789,0.0,0.9696969696969697,['No major cost-risk indicator was detected.'],['Expenditure is currently ahead of physical progress.'],N18000330,2024-11-01,Transmission_System,0.0
0,LOW,46.34061861383395,47.0,-0.6593813861660465,-0.0,1.0,['No major cost-risk indicator was detected.'],[],N18000330,2024-12-01,Transmission_System,0.0
0,LOW,46.34061861383395,47.0,-0.6593813861660465,1.0,1.0303030303030303,['No major cost-risk indicator was detected.'],[],N18000330,2025-01-01,Transmission_System,0.0
5,LOW,49.804301894634754,48.0,1.8043018946347544,2.0,1.0606060606060606,['No major cost-risk indicator was detected.'],['Expenditure is currently ahead of physical progress.'],N18000330,2025-02-01,Transmission_System,0.0
5,LOW,50.15067022271483,48.0,2.1506702227148295,3.0,1.0909090909090908,['No major cost-risk indicator was detected.'],['Expenditure is currently ahead of physical progress.'],N18000330,2025-03-01,Transmission_System,0.0
5,LOW,50.15067022271483,48.0,2.1506702227148295,4.0,1.121212121212121,['No major cost-risk indicator was detected.'],['Expenditure is currently ahead of physical progress.'],N18000330,2025-04-01,Transmission_System,0.0
5,LOW,51.88251186311523,48.0,3.8825118631152336,5.0,1.1515151515151516,['No major cost-risk indicator was detected.'],['Expenditure is currently ahead of physical progress.'],N18000330,2025-05-01,Transmission_System,0.0
25,LOW,69.11087250181845,48.0,21.11087250181845,6.0,1.1818181818181819,['Expenditure is substantially ahead of physical progress.'],[],N18000330,2025-06-01,Transmission_System,0.0
0,LOW,53.37580326591927,63.0,-9.624196734080734,11.0,1.5789473684210527,['No major cost-risk indicator was detected.'],[],N18000331,2024-08-01,Transmission_System,0.0
0,LOW,65.36567724705816,73.0,-7.634322752941841,14.0,1.736842105263158,['No major cost-risk indicator was detected.'],[],N18000331,2024-11-01,Transmission_System,0.0
0,LOW,75.43327676857596,79.0,-3.566723231424035,16.0,1.8421052631578947,['No major cost-risk indicator was detected.'],[],N18000331,2025-01-01,Transmission_System,0.0
0,LOW,80.71883606420563,94.0,-13.281163935794368,17.0,1.894736842105263,['No major cost-risk indicator was detected.'],[],N18000331,2025-02-01,Transmission_System,0.0
0,LOW,81.2752107269035,82.0,-0.7247892730965049,18.0,1.9473684210526316,['No major cost-risk indicator was detected.'],[],N18000331,2025-03-01,Transmission_System,0.0
5,LOW,87.39533201657996,84.0,3.3953320165799568,19.0,2.0,['No major cost-risk indicator was detected.'],['Expenditure is currently ahead of physical progress.'],N18000331,2025-04-01,Transmission_System,0.0
10,LOW,88.78626867332461,90.0,-1.2137313266753864,20.0,2.0526315789473686,['Elapsed project duration is more than twice the planned duration.'],[],N18000331,2025-05-01,Transmission_System,0.0
15,LOW,91.0451498038779,90.0,1.045149803877905,21.0,2.1052631578947367,['Elapsed project duration is more than twice the planned duration.'],['Expenditure is currently ahead of physical progress.'],N18000331,2025-06-01,Transmission_System,0.0
0,LOW,77.44417767106843,80.0,-2.555822328931569,9.0,1.5,['No major cost-risk indicator was detected.'],[],N18000332,2024-08-01,Transmission_System,0.0
5,LOW,85.57142857142857,83.0,2.5714285714285694,13.0,1.7222222222222223,['No major cost-risk indicator was detected.'],['Expenditure is currently ahead of physical progress.'],N18000332,2024-12-01,Transmission_System,0.0
5,LOW,85.75150060024009,83.0,2.7515006002400924,14.0,1.7777777777777777,['No major cost-risk indicator was detected.'],['Expenditure is currently ahead of physical progress.'],N18000332,2025-01-01,Transmission_System,0.0
5,LOW,86.59183673469387,86.0,0.5918367346938709,15.0,1.8333333333333333,['No major cost-risk indicator was detected.'],['Expenditure is currently ahead of physical progress.'],N18000332,2025-02-01,Transmission_System,0.0
0,LOW,87.01200480192077,88.0,-0.9879951980792328,16.0,1.8888888888888888,['No major cost-risk indicator was detected.'],[],N18000332,2025-03-01,Transmission_System,0.0
0,LOW,89.47298919567827,90.3,-0.8270108043217306,17.0,1.9444444444444444,['No major cost-risk indicator was detected.'],[],N18000332,2025-04-01,Transmission_System,0.0
0,LOW,90.73349339735891,92.7,-1.9665066026410898,18.0,2.0,['No major cost-risk indicator was detected.'],[],N18000332,2025-05-01,Transmission_System,33.13325330132052
70,HIGH,121.80552220888354,94.1,27.70552220888355,19.0,2.0555555555555554,"['Expenditure has exceeded the original approved cost.', 'Expenditure is substantially ahead of physical progress.', 'Elapsed project duration is more than twice the planned duration.']",[],N18000332,2025-06-01,Transmission_System,33.13325330132052
0,LOW,31.6504645791933,64.0,-32.3495354208067,0.0,0.78125,['No major cost-risk indicator was detected.'],[],N18000338,2024-08-01,Transmission_System,0.0
0,LOW,35.73231645093722,68.0,-32.26768354906278,0.0,0.875,['No major cost-risk indicator was detected.'],[],N18000338,2024-11-01,Transmission_System,0.0
0,LOW,36.2694022235351,87.0,-50.7305977764649,0.0,0.90625,['No major cost-risk indicator was detected.'],[],N18000338,2024-12-01,Transmission_System,0.0
0,LOW,37.34357376873087,90.0,-52.65642623126913,0.0,0.9375,['No major cost-risk indicator was detected.'],[],N18000338,2025-01-01,Transmission_System,0.0
0,LOW,37.880659541328754,91.0,-53.119340458671246,0.0,0.96875,['No major cost-risk indicator was detected.'],[],N18000338,2025-02-01,Transmission_System,0.0
0,LOW,38.41774531392664,100.0,-61.58225468607336,-0.0,1.0,['No major cost-risk indicator was detected.'],[],N18000338,2025-03-01,Transmission_System,0.0
0,LOW,23.42222366583298,51.0,-27.57777633416702,0.0,0.6111111111111112,['No major cost-risk indicator was detected.'],[],N18000343,2024-08-01,Transmission_System,0.0
0,LOW,32.90674635398057,59.0,-26.093253646019427,0.0,0.6944444444444444,['No major cost-risk indicator was detected.'],[],N18000343,2024-11-01,Transmission_System,0.0
0,LOW,40.70224445382792,62.0,-21.297755546172077,0.0,0.7222222222222222,['No major cost-risk indicator was detected.'],[],N18000343,2024-12-01,Transmission_System,0.0
0,LOW,43.95036866209764,68.0,-24.049631337902362,0.0,0.75,['No major cost-risk indicator was detected.'],[],N18000343,2025-01-01,Transmission_System,0.0
0,LOW,53.04511644525287,80.0,-26.954883554747127,0.0,0.7777777777777778,['No major cost-risk indicator was detected.'],[],N18000343,2025-02-01,Transmission_System,0.0
0,LOW,59.86617728261928,89.0,-29.133822717380717,0.0,0.8055555555555556,['No major cost-risk indicator was detected.'],[],N18000343,2025-03-01,Transmission_System,0.0
0,LOW,59.86617728261928,89.0,-29.133822717380717,0.0,0.8333333333333334,['No major cost-risk indicator was detected.'],[],N18000343,2025-04-01,Transmission_System,0.0
0,LOW,76.29843765225583,99.9,-23.601562347744178,0.0,0.8611111111111112,['No major cost-risk indicator was detected.'],[],N18000343,2025-05-01,Transmission_System,0.0
0,LOW,97.07668821255724,100.0,-2.9233117874427563,0.0,0.8888888888888888,['No major cost-risk indicator was detected.'],[],N18000343,2025-06-01,Transmission_System,0.0
0,LOW,22.187953555878085,37.0,-14.812046444121915,9.0,2.0,['No major cost-risk indicator was detected.'],[],N18000350,2024-08-01,Transmission_System,0.0
10,LOW,35.43178519593614,50.0,-14.568214804063857,10.0,2.111111111111111,['Elapsed project duration is more than twice the planned duration.'],[],N18000350,2024-09-01,Transmission_System,0.0
10,LOW,48.39052456976986,63.0,-14.609475430230141,12.0,2.3333333333333335,['Elapsed project duration is more than twice the planned duration.'],[],N18000350,2024-11-01,Transmission_System,0.0
10,LOW,52.0189715944433,71.0,-18.9810284055567,13.0,2.4444444444444446,['Elapsed project duration is more than twice the planned duration.'],[],N18000350,2024-12-01,Transmission_System,0.0
10,LOW,53.57402031930334,78.0,-24.425979680696663,14.0,2.5555555555555554,['Elapsed project duration is more than twice the planned duration.'],[],N18000350,2025-01-01,Transmission_System,0.0
10,LOW,65.23688575575368,85.0,-19.763114244246324,15.0,2.6666666666666665,['Elapsed project duration is more than twice the planned duration.'],[],N18000350,2025-02-01,Transmission_System,0.0
10,LOW,65.49606054323036,89.0,-23.503939456769643,16.0,2.7777777777777777,['Elapsed project duration is more than twice the planned duration.'],[],N18000350,2025-03-01,Transmission_System,0.0
10,LOW,67.0511092680904,91.0,-23.9488907319096,17.0,2.888888888888889,['Elapsed project duration is more than twice the planned duration.'],[],N18000350,2025-04-01,Transmission_System,0.0
15,LOW,95.8402446609994,93.0,2.840244660999403,18.0,3.0,['Elapsed project duration is more than twice the planned duration.'],['Expenditure is currently ahead of physical progress.'],N18000350,2025-05-01,Transmission_System,0.0
15,LOW,96.00093302923491,95.0,1.0009330292349148,19.0,3.111111111111111,['Elapsed project duration is more than twice the planned duration.'],['Expenditure is currently ahead of physical progress.'],N18000350,2025-06-01,Transmission_System,0.0
5,LOW,58.634837035340816,56.0,2.6348370353408157,0.0,0.53125,['No major cost-risk indicator was detected.'],['Expenditure is currently ahead of physical progress.'],N18000351,2024-08-01,Transmission_System,0.0
5,LOW,61.24914128692467,58.0,3.2491412869246687,0.0,0.625,['No major cost-risk indicator was detected.'],['Expenditure is currently ahead of physical progress.'],N18000351,2024-11-01,Transmission_System,0.0
0,LOW,61.24914128692467,72.0,-10.750858713075331,0.0,0.65625,['No major cost-risk indicator was detected.'],[],N18000351,2024-12-01,Transmission_System,0.0
0,LOW,62.01244179833601,75.0,-12.987558201663987,0.0,0.6875,['No major cost-risk indicator was detected.'],[],N18000351,2025-01-01,Transmission_System,0.0
0,LOW,62.9665674376002,84.0,-21.033432562399803,0.0,0.71875,['No major cost-risk indicator was detected.'],[],N18000351,2025-02-01,Transmission_System,0.0
0,LOW,66.40141973895123,92.0,-25.598580261048767,0.0,0.75,['No major cost-risk indicator was detected.'],[],N18000351,2025-03-01,Transmission_System,0.0
0,LOW,68.69132127318527,99.0,-30.308678726814733,0.0,0.78125,['No major cost-risk indicator was detected.'],[],N18000351,2025-04-01,Transmission_System,0.0
0,LOW,68.69132127318527,99.0,-30.308678726814733,0.0,0.8125,['No major cost-risk indicator was detected.'],[],N18000351,2025-05-01,Transmission_System,0.0
0,LOW,92.00061064040914,99.8,-7.799389359590862,0.0,0.84375,['No major cost-risk indicator was detected.'],[],N18000351,2025-06-01,Transmission_System,0.0
0,LOW,9.652866695120215,26.0,-16.347133304879783,0.0,0.7083333333333334,['No major cost-risk indicator was detected.'],[],N18000353,2024-08-01,Other_Power_Transmission,0.0
0,LOW,19.25593967847489,50.0,-30.74406032152511,0.0,0.8333333333333334,['No major cost-risk indicator was detected.'],[],N18000353,2024-11-01,Other_Power_Transmission,0.0
0,LOW,22.1012946365059,57.0,-34.8987053634941,0.0,0.875,['No major cost-risk indicator was detected.'],[],N18000353,2024-12-01,Other_Power_Transmission,0.0
0,LOW,31.704367619860573,63.0,-31.295632380139427,0.0,0.9166666666666666,['No major cost-risk indicator was detected.'],[],N18000353,2025-01-01,Other_Power_Transmission,0.0
0,LOW,35.261061317399346,84.0,-48.738938682600654,0.0,0.9583333333333334,['No major cost-risk indicator was detected.'],[],N18000353,2025-02-01,Other_Power_Transmission,0.0
0,LOW,45.93114241001564,84.0,-38.06885758998436,-0.0,1.0,['No major cost-risk indicator was detected.'],[],N18000353,2025-03-01,Other_Power_Transmission,0.0
0,LOW,57.668231611893574,91.0,-33.331768388106426,1.0,1.0416666666666667,['No major cost-risk indicator was detected.'],[],N18000353,2025-04-01,Other_Power_Transmission,0.0
0,LOW,77.49324228197467,98.8,-21.306757718025324,2.0,1.0833333333333333,['No major cost-risk indicator was detected.'],[],N18000353,2025-05-01,Other_Power_Transmission,0.0
0,LOW,99.99644330630244,100.0,-0.003556693697561286,3.0,1.125,['No major cost-risk indicator was detected.'],[],N18000353,2025-06-01,Other_Power_Transmission,0.0
0,LOW,39.876329640398986,50.0,-10.123670359601014,0.0,0.9444444444444444,['No major cost-risk indicator was detected.'],[],N18000354,2024-08-01,Transmission_System,0.0
0,LOW,43.078508594353856,54.0,-10.921491405646144,-0.0,1.0,['No major cost-risk indicator was detected.'],[],N18000354,2024-09-01,Transmission_System,0.0
0,LOW,54.484890868268984,69.0,-14.515109131731016,2.0,1.1111111111111112,['No major cost-risk indicator was detected.'],[],N18000354,2024-11-01,Transmission_System,0.0
0,LOW,56.32522360042695,77.0,-20.674776399573048,3.0,1.1666666666666667,['No major cost-risk indicator was detected.'],[],N18000354,2024-12-01,Transmission_System,0.0
0,LOW,63.68655452905886,87.0,-23.31344547094114,4.0,1.2222222222222223,['No major cost-risk indicator was detected.'],[],N18000354,2025-01-01,Transmission_System,0.0
0,LOW,65.89495380764842,97.0,-31.10504619235158,5.0,1.2777777777777777,['No major cost-risk indicator was detected.'],[],N18000354,2025-02-01,Transmission_System,0.0
0,LOW,68.47141963266958,100.0,-31.52858036733042,6.0,1.3333333333333333,['No major cost-risk indicator was detected.'],[],N18000354,2025-03-01,Transmission_System,0.0
0,LOW,21.740299654245103,60.0,-38.259700345754894,0.0,0.7083333333333334,['No major cost-risk indicator was detected.'],[],N18000355,2024-08-01,Transmission_System,0.0
0,LOW,41.02573953131003,78.0,-36.97426046868997,0.0,0.75,['No major cost-risk indicator was detected.'],[],N18000355,2024-09-01,Transmission_System,0.0
0,LOW,49.477525931617365,89.0,-39.522474068382635,0.0,0.8333333333333334,['No major cost-risk indicator was detected.'],[],N18000355,2024-11-01,Transmission_System,0.0
0,LOW,56.0084517864003,94.0,-37.9915482135997,0.0,0.875,['No major cost-risk indicator was detected.'],[],N18000355,2024-12-01,Transmission_System,0.0
0,LOW,66.38109873223203,98.0,-31.618901267767967,0.0,0.9166666666666666,['No major cost-risk indicator was detected.'],[],N18000355,2025-01-01,Transmission_System,0.0
0,LOW,69.45447560507107,98.0,-28.545524394928933,0.0,0.9583333333333334,['No major cost-risk indicator was detected.'],[],N18000355,2025-02-01,Transmission_System,0.0
0,LOW,72.14368036880522,100.0,-27.85631963119478,-0.0,1.0,['No major cost-risk indicator was detected.'],[],N18000355,2025-03-01,Transmission_System,0.0
0,LOW,33.89219133735209,40.0,-6.107808662647912,0.0,0.9444444444444444,['No major cost-risk indicator was detected.'],[],N18000356,2024-08-01,Transmission_System,0.0
0,LOW,37.70861241348515,40.0,-2.291387586514851,-0.0,1.0,['No major cost-risk indicator was detected.'],[],N18000356,2024-09-01,Transmission_System,0.0
0,LOW,49.15089863808886,72.0,-22.84910136191114,3.0,1.1666666666666667,['No major cost-risk indicator was detected.'],[],N18000356,2024-12-01,Transmission_System,0.0
0,LOW,55.91859231971422,80.0,-24.08140768028578,4.0,1.2222222222222223,['No major cost-risk indicator was detected.'],[],N18000356,2025-01-01,Transmission_System,0.0
0,LOW,56.61629269926323,87.0,-30.383707300736774,5.0,1.2777777777777777,['No major cost-risk indicator was detected.'],[],N18000356,2025-02-01,Transmission_System,0.0
0,LOW,59.33732417950436,89.0,-29.662675820495643,6.0,1.3333333333333333,['No major cost-risk indicator was detected.'],[],N18000356,2025-03-01,Transmission_System,0.0
0,LOW,66.73294820272383,90.7,-23.96705179727617,7.0,1.3888888888888888,['No major cost-risk indicator was detected.'],[],N18000356,2025-04-01,Transmission_System,0.0
0,LOW,89.39425653047556,91.9,-2.5057434695244467,8.0,1.4444444444444444,['No major cost-risk indicator was detected.'],[],N18000356,2025-05-01,Transmission_System,0.0
0,LOW,90.01869837017192,91.9,-1.8813016298280871,9.0,1.5,['No major cost-risk indicator was detected.'],[],N18000356,2025-06-01,Transmission_System,0.0
0,LOW,20.792583757996315,25.0,-4.207416242003685,0.0,0.8095238095238095,['No major cost-risk indicator was detected.'],[],N18000357,2024-08-01,Substation_Grid_Equipment,0.0
0,LOW,28.154613466334165,30.0,-1.8453865336658346,0.0,0.8571428571428571,['No major cost-risk indicator was detected.'],[],N18000357,2024-09-01,Substation_Grid_Equipment,0.0
0,LOW,38.02125121977664,70.0,-31.978748780223363,-0.0,1.0,['No major cost-risk indicator was detected.'],[],N18000357,2024-12-01,Substation_Grid_Equipment,0.0
0,LOW,50.490079149951214,74.0,-23.509920850048786,1.0,1.0476190476190477,['No major cost-risk indicator was detected.'],[],N18000357,2025-01-01,Substation_Grid_Equipment,0.0
0,LOW,55.69445950341537,83.0,-27.305540496584626,2.0,1.0952380952380953,['No major cost-risk indicator was detected.'],[],N18000357,2025-02-01,Substation_Grid_Equipment,0.0
0,LOW,63.71787921500596,88.0,-24.282120784994042,3.0,1.1428571428571428,['No major cost-risk indicator was detected.'],[],N18000357,2025-03-01,Substation_Grid_Equipment,0.0
0,LOW,72.93396942426543,88.7,-15.766030575734575,4.0,1.1904761904761905,['No major cost-risk indicator was detected.'],[],N18000357,2025-04-01,Substation_Grid_Equipment,0.0
5,LOW,89.24102786511982,88.7,0.5410278651198155,5.0,1.2380952380952381,['No major cost-risk indicator was detected.'],['Expenditure is currently ahead of physical progress.'],N18000357,2025-05-01,Substation_Grid_Equipment,0.0
0,LOW,90.00758972134881,90.5,-0.49241027865119236,6.0,1.2857142857142858,['No major cost-risk indicator was detected.'],[],N18000357,2025-06-01,Substation_Grid_Equipment,0.0
0,LOW,12.486682733582269,33.0,-20.51331726641773,0.0,0.8095238095238095,['No major cost-risk indicator was detected.'],[],N18000359,2024-08-01,Substation_Grid_Equipment,0.0
0,LOW,13.779621220740804,37.0,-23.220378779259196,0.0,0.8571428571428571,['No major cost-risk indicator was detected.'],[],N18000359,2024-09-01,Substation_Grid_Equipment,0.0
0,LOW,18.227329616566163,63.0,-44.772670383433834,0.0,0.9523809523809523,['No major cost-risk indicator was detected.'],[],N18000359,2024-11-01,Substation_Grid_Equipment,0.0
0,LOW,30.329233856370053,70.0,-39.67076614362995,-0.0,1.0,['No major cost-risk indicator was detected.'],[],N18000359,2024-12-01,Substation_Grid_Equipment,0.0
0,LOW,37.466254305485165,74.0,-36.533745694514835,1.0,1.0476190476190477,['No major cost-risk indicator was detected.'],[],N18000359,2025-01-01,Substation_Grid_Equipment,0.0
0,LOW,44.810144912545645,82.0,-37.189855087454355,2.0,1.0952380952380953,['No major cost-risk indicator was detected.'],[],N18000359,2025-02-01,Substation_Grid_Equipment,0.0
0,LOW,56.70517899440417,90.0,-33.29482100559583,3.0,1.1428571428571428,['No major cost-risk indicator was detected.'],[],N18000359,2025-03-01,Substation_Grid_Equipment,0.0
0,LOW,66.84181673372707,93.0,-26.15818326627293,4.0,1.1904761904761905,['No major cost-risk indicator was detected.'],[],N18000359,2025-04-01,Substation_Grid_Equipment,0.0
0,LOW,88.85073283753454,93.6,-4.749267162465458,5.0,1.2380952380952381,['No major cost-risk indicator was detected.'],[],N18000359,2025-05-01,Substation_Grid_Equipment,0.0
0,LOW,89.99886221413131,93.6,-3.601137785868687,6.0,1.2857142857142858,['No major cost-risk indicator was detected.'],[],N18000359,2025-06-01,Substation_Grid_Equipment,0.0
5,LOW,32.2161791786219,20.0,12.2161791786219,0.0,0.7083333333333334,['No major cost-risk indicator was detected.'],['Expenditure is currently ahead of physical progress.'],N18000360,2024-08-01,Transmission_System,0.0
25,LOW,43.6075542803306,22.0,21.607554280330604,0.0,0.75,['Expenditure is substantially ahead of physical progress.'],[],N18000360,2024-09-01,Transmission_System,0.0
5,LOW,44.63534752259004,26.0,18.63534752259004,0.0,0.8333333333333334,['No major cost-risk indicator was detected.'],['Expenditure is currently ahead of physical progress.'],N18000360,2024-11-01,Transmission_System,0.0
5,LOW,50.373859791871865,38.0,12.373859791871865,0.0,0.875,['No major cost-risk indicator was detected.'],['Expenditure is currently ahead of physical progress.'],N18000360,2024-12-01,Transmission_System,0.0
5,LOW,53.285940644940254,47.0,6.285940644940254,0.0,0.9166666666666666,['No major cost-risk indicator was detected.'],['Expenditure is currently ahead of physical progress.'],N18000360,2025-01-01,Transmission_System,0.0
0,LOW,55.76977431373389,56.0,-0.23022568626610962,0.0,0.9583333333333334,['No major cost-risk indicator was detected.'],[],N18000360,2025-02-01,Transmission_System,0.0
0,LOW,57.99665967196266,69.0,-11.00334032803734,-0.0,1.0,['No major cost-risk indicator was detected.'],[],N18000360,2025-03-01,Transmission_System,0.0
0,LOW,60.994389961886,83.7,-22.705610038114003,1.0,1.0416666666666667,['No major cost-risk indicator was detected.'],[],N18000360,2025-04-01,Transmission_System,0.0
0,LOW,81.36696501220506,86.1,-4.733034987794937,2.0,1.0833333333333333,['No major cost-risk indicator was detected.'],[],N18000360,2025-05-01,Transmission_System,0.0
0,LOW,81.99991435056316,90.0,-8.00008564943684,3.0,1.125,['No major cost-risk indicator was detected.'],[],N18000360,2025-06-01,Transmission_System,0.0
0,LOW,5.391724181936129,18.0,-12.60827581806387,0.0,0.7083333333333334,['No major cost-risk indicator was detected.'],[],N18000361,2024-08-01,Transmission_System,0.0
0,LOW,11.914257051602451,19.0,-7.085742948397549,0.0,0.75,['No major cost-risk indicator was detected.'],[],N18000361,2024-09-01,Transmission_System,0.0
25,LOW,65.87970889652215,22.0,43.879708896522146,0.0,0.8333333333333334,['Expenditure is substantially ahead of physical progress.'],[],N18000361,2024-11-01,Transmission_System,0.0
25,LOW,70.98429983800014,41.0,29.98429983800014,0.0,0.875,['Expenditure is substantially ahead of physical progress.'],[],N18000361,2024-12-01,Transmission_System,0.0
25,LOW,73.14666127848734,52.0,21.146661278487343,0.0,0.9166666666666666,['Expenditure is substantially ahead of physical progress.'],[],N18000361,2025-01-01,Transmission_System,0.0
5,LOW,78.39304641278417,61.0,17.393046412784173,0.0,0.9583333333333334,['No major cost-risk indicator was detected.'],['Expenditure is currently ahead of physical progress.'],N18000361,2025-02-01,Transmission_System,0.0
5,LOW,81.68976139582205,68.0,13.689761395822046,-0.0,1.0,['No major cost-risk indicator was detected.'],['Expenditure is currently ahead of physical progress.'],N18000361,2025-03-01,Transmission_System,0.0
5,LOW,81.68976139582205,68.0,13.689761395822046,1.0,1.0416666666666667,['No major cost-risk indicator was detected.'],['Expenditure is currently ahead of physical progress.'],N18000361,2025-04-01,Transmission_System,0.0
5,LOW,85.71458955898463,76.5,9.214589558984628,2.0,1.0833333333333333,['No major cost-risk indicator was detected.'],['Expenditure is currently ahead of physical progress.'],N18000361,2025-05-01,Transmission_System,0.0
5,LOW,85.71458955898463,82.6,3.1145895589846333,3.0,1.125,['No major cost-risk indicator was detected.'],['Expenditure is currently ahead of physical progress.'],N18000361,2025-06-01,Transmission_System,0.0
0,LOW,9.901674983941897,76.0,-66.0983250160581,0.0,0.8947368421052632,['No major cost-risk indicator was detected.'],[],N18000372,2024-11-01,Transmission_System,0.0
0,LOW,9.901674983941897,89.0,-79.0983250160581,0.0,0.9473684210526315,['No major cost-risk indicator was detected.'],[],N18000372,2024-12-01,Transmission_System,0.0
0,LOW,9.901674983941897,100.0,-90.0983250160581,-0.0,1.0,['No major cost-risk indicator was detected.'],[],N18000372,2025-01-01,Transmission_System,0.0
0,LOW,17.582832418619507,18.0,-0.41716758138049315,0.0,0.6666666666666666,['No major cost-risk indicator was detected.'],[],N18000373,2024-08-01,Transmission_System,0.0
0,LOW,17.582832418619507,65.0,-47.4171675813805,0.0,0.8333333333333334,['No major cost-risk indicator was detected.'],[],N18000373,2024-11-01,Transmission_System,0.0
0,LOW,31.21642419490664,70.0,-38.78357580509336,0.0,0.8888888888888888,['No major cost-risk indicator was detected.'],[],N18000373,2024-12-01,Transmission_System,0.0
0,LOW,38.330865057931874,72.0,-33.669134942068126,0.0,0.9444444444444444,['No major cost-risk indicator was detected.'],[],N18000373,2025-01-01,Transmission_System,0.0
0,LOW,45.73569126230508,87.0,-41.26430873769492,-0.0,1.0,['No major cost-risk indicator was detected.'],[],N18000373,2025-02-01,Transmission_System,0.0
0,LOW,47.91358132241484,89.0,-41.08641867758516,1.0,1.0555555555555556,['No major cost-risk indicator was detected.'],[],N18000373,2025-03-01,Transmission_System,0.0
0,LOW,59.674187647007585,91.0,-31.325812352992415,2.0,1.1111111111111112,['No major cost-risk indicator was detected.'],[],N18000373,2025-04-01,Transmission_System,0.0
0,LOW,73.61268403171007,92.0,-18.387315968289926,3.0,1.1666666666666667,['No major cost-risk indicator was detected.'],[],N18000373,2025-05-01,Transmission_System,0.0
0,LOW,82.00046461654615,93.0,-10.999535383453846,4.0,1.2222222222222223,['No major cost-risk indicator was detected.'],[],N18000373,2025-06-01,Transmission_System,0.0
0,LOW,8.278154681139755,12.0,-3.721845318860245,0.0,0.5555555555555556,['No major cost-risk indicator was detected.'],[],N18000374,2024-08-01,Other_Power_Transmission,0.0
0,LOW,20.743102668475803,28.0,-7.256897331524197,0.0,0.7222222222222222,['No major cost-risk indicator was detected.'],[],N18000374,2024-11-01,Other_Power_Transmission,0.0
0,LOW,27.30122116689281,35.0,-7.698778833107191,0.0,0.7777777777777778,['No major cost-risk indicator was detected.'],[],N18000374,2024-12-01,Other_Power_Transmission,0.0
0,LOW,32.59294436906377,43.0,-10.407055630936227,0.0,0.8333333333333334,['No major cost-risk indicator was detected.'],[],N18000374,2025-01-01,Other_Power_Transmission,0.0
0,LOW,40.96019900497512,49.0,-8.039800995024883,0.0,0.8888888888888888,['No major cost-risk indicator was detected.'],[],N18000374,2025-02-01,Other_Power_Transmission,0.0
0,LOW,46.29715061058345,53.0,-6.702849389416549,0.0,0.9444444444444444,['No major cost-risk indicator was detected.'],[],N18000374,2025-03-01,Other_Power_Transmission,0.0
0,LOW,55.52374491180462,57.0,-1.47625508819538,-0.0,1.0,['No major cost-risk indicator was detected.'],[],N18000374,2025-04-01,Other_Power_Transmission,0.0
5,LOW,70.18543645409316,60.9,9.285436454093166,1.0,1.0555555555555556,['No major cost-risk indicator was detected.'],['Expenditure is currently ahead of physical progress.'],N18000374,2025-05-01,Other_Power_Transmission,0.0
5,LOW,76.99095431931254,69.4,7.59095431931253,2.0,1.1111111111111112,['No major cost-risk indicator was detected.'],['Expenditure is currently ahead of physical progress.'],N18000374,2025-06-01,Other_Power_Transmission,0.0
5,LOW,19.6741214057508,12.0,7.6741214057508,0.0,0.5789473684210527,['No major cost-risk indicator was detected.'],['Expenditure is currently ahead of physical progress.'],N18000376,2024-08-01,Other_Power_Transmission,0.0
0,LOW,30.50022820629849,42.0,-11.499771793701509,0.0,0.7368421052631579,['No major cost-risk indicator was detected.'],[],N18000376,2024-11-01,Other_Power_Transmission,0.0
0,LOW,33.69511638521223,47.0,-13.30488361478777,0.0,0.7894736842105263,['No major cost-risk indicator was detected.'],[],N18000376,2024-12-01,Other_Power_Transmission,0.0
0,LOW,38.48744865358284,53.0,-14.512551346417162,0.0,0.8421052631578947,['No major cost-risk indicator was detected.'],[],N18000376,2025-01-01,Other_Power_Transmission,0.0
0,LOW,40.860794157918754,58.0,-17.139205842081246,0.0,0.8947368421052632,['No major cost-risk indicator was detected.'],[],N18000376,2025-02-01,Other_Power_Transmission,0.0
0,LOW,44.74030123231401,64.0,-19.25969876768599,0.0,0.9473684210526315,['No major cost-risk indicator was detected.'],[],N18000376,2025-03-01,Other_Power_Transmission,0.0
0,LOW,50.35417617526243,64.0,-13.645823824737569,-0.0,1.0,['No major cost-risk indicator was detected.'],[],N18000376,2025-04-01,Other_Power_Transmission,0.0
0,LOW,65.75353719762666,67.9,-2.1464628023733496,1.0,1.0526315789473684,['No major cost-risk indicator was detected.'],[],N18000376,2025-05-01,Other_Power_Transmission,0.0
0,LOW,68.98448197170242,75.7,-6.715518028297581,2.0,1.105263157894737,['No major cost-risk indicator was detected.'],[],N18000376,2025-06-01,Other_Power_Transmission,0.0
0,LOW,0.0,0.0,0.0,0.0,0.5,['No major cost-risk indicator was detected.'],[],N18000377,2024-09-01,Other_Power_Transmission,0.0
0,LOW,0.0,1.0,-1.0,0.0,0.6,['No major cost-risk indicator was detected.'],[],N18000377,2024-11-01,Other_Power_Transmission,0.0
0,LOW,0.0,3.0,-3.0,0.0,0.65,['No major cost-risk indicator was detected.'],[],N18000377,2024-12-01,Other_Power_Transmission,0.0
0,LOW,0.0,3.0,-3.0,0.0,0.7,['No major cost-risk indicator was detected.'],[],N18000377,2025-01-01,Other_Power_Transmission,0.0
0,LOW,0.0,3.0,-3.0,0.0,0.75,['No major cost-risk indicator was detected.'],[],N18000377,2025-02-01,Other_Power_Transmission,0.0
0,LOW,0.0,3.0,-3.0,0.0,0.8,['No major cost-risk indicator was detected.'],[],N18000377,2025-03-01,Other_Power_Transmission,0.0
0,LOW,0.0,5.0,-5.0,0.0,0.85,['No major cost-risk indicator was detected.'],[],N18000377,2025-04-01,Other_Power_Transmission,0.0
0,LOW,1.1785714285714286,6.0,-4.821428571428571,0.0,0.9,['No major cost-risk indicator was detected.'],[],N18000377,2025-05-01,Other_Power_Transmission,0.0
0,LOW,6.999999999999999,7.0,-8.881784197001252e-16,0.0,0.95,['No major cost-risk indicator was detected.'],[],N18000377,2025-06-01,Other_Power_Transmission,0.0
0,LOW,0.0,1.0,-1.0,0.0,0.47368421052631576,['No major cost-risk indicator was detected.'],[],N18000379,2024-08-01,Other_Power_Transmission,0.0
0,LOW,0.0,1.0,-1.0,0.0,0.5263157894736842,['No major cost-risk indicator was detected.'],[],N18000379,2024-09-01,Other_Power_Transmission,0.0
0,LOW,0.0,3.0,-3.0,0.0,0.631578947368421,['No major cost-risk indicator was detected.'],[],N18000379,2024-11-01,Other_Power_Transmission,0.0
0,LOW,0.0,6.0,-6.0,0.0,0.6842105263157895,['No major cost-risk indicator was detected.'],[],N18000379,2024-12-01,Other_Power_Transmission,0.0
0,LOW,0.0,6.0,-6.0,0.0,0.7368421052631579,['No major cost-risk indicator was detected.'],[],N18000379,2025-01-01,Other_Power_Transmission,0.0
0,LOW,0.0,6.0,-6.0,0.0,0.7894736842105263,['No major cost-risk indicator was detected.'],[],N18000379,2025-02-01,Other_Power_Transmission,0.0
0,LOW,0.0,20.0,-20.0,0.0,0.8421052631578947,['No major cost-risk indicator was detected.'],[],N18000379,2025-03-01,Other_Power_Transmission,0.0
0,LOW,0.0,35.0,-35.0,0.0,0.8947368421052632,['No major cost-risk indicator was detected.'],[],N18000379,2025-04-01,Other_Power_Transmission,0.0
0,LOW,12.014018691588785,42.0,-29.985981308411215,0.0,0.9473684210526315,['No major cost-risk indicator was detected.'],[],N18000379,2025-05-01,Other_Power_Transmission,0.0
0,LOW,20.0,45.0,-25.0,-0.0,1.0,['No major cost-risk indicator was detected.'],[],N18000379,2025-06-01,Other_Power_Transmission,0.0
5,LOW,3.0122601279317696,1.0,2.0122601279317696,0.0,0.3333333333333333,['No major cost-risk indicator was detected.'],['Expenditure is currently ahead of physical progress.'],N18000384,2024-08-01,Other_Power_Transmission,0.0
5,LOW,4.98454157782516,1.0,3.9845415778251603,0.0,0.375,['No major cost-risk indicator was detected.'],['Expenditure is currently ahead of physical progress.'],N18000384,2024-09-01,Other_Power_Transmission,0.0
5,LOW,7.7830490405117265,1.6,6.183049040511726,0.0,0.4583333333333333,['No major cost-risk indicator was detected.'],['Expenditure is currently ahead of physical progress.'],N18000384,2024-11-01,Other_Power_Transmission,0.0
5,LOW,9.355543710021324,4.0,5.355543710021324,0.0,0.5,['No major cost-risk indicator was detected.'],['Expenditure is currently ahead of physical progress.'],N18000384,2024-12-01,Other_Power_Transmission,0.0
5,LOW,9.51545842217484,5.0,4.51545842217484,0.0,0.5416666666666666,['No major cost-risk indicator was detected.'],['Expenditure is currently ahead of physical progress.'],N18000384,2025-01-01,Other_Power_Transmission,0.0
5,LOW,13.24680170575693,7.0,6.24680170575693,0.0,0.5833333333333334,['No major cost-risk indicator was detected.'],['Expenditure is currently ahead of physical progress.'],N18000384,2025-02-01,Other_Power_Transmission,0.0
5,LOW,16.445095948827294,9.0,7.445095948827294,0.0,0.625,['No major cost-risk indicator was detected.'],['Expenditure is currently ahead of physical progress.'],N18000384,2025-03-01,Other_Power_Transmission,0.0
5,LOW,21.24253731343283,12.0,9.24253731343283,0.0,0.6666666666666666,['No major cost-risk indicator was detected.'],['Expenditure is currently ahead of physical progress.'],N18000384,2025-04-01,Other_Power_Transmission,0.0
25,LOW,36.38113006396589,13.9,22.481130063965892,0.0,0.7083333333333334,['Expenditure is substantially ahead of physical progress.'],[],N18000384,2025-05-01,Other_Power_Transmission,0.0
5,LOW,38.99866737739872,20.0,18.998667377398718,0.0,0.75,['No major cost-risk indicator was detected.'],['Expenditure is currently ahead of physical progress.'],N18000384,2025-06-01,Other_Power_Transmission,0.0
0,LOW,0.0,0.0,0.0,0.0,0.3333333333333333,['No major cost-risk indicator was detected.'],[],N18000385,2024-08-01,Other_Power_Transmission,0.0
0,LOW,0.0,0.0,0.0,0.0,0.375,['No major cost-risk indicator was detected.'],[],N18000385,2024-09-01,Other_Power_Transmission,0.0
0,LOW,7.165109034267912,11.0,-3.8348909657320878,0.0,0.5,['No major cost-risk indicator was detected.'],[],N18000385,2024-12-01,Other_Power_Transmission,0.0
0,LOW,8.653513326410522,13.0,-4.346486673589478,0.0,0.5416666666666666,['No major cost-risk indicator was detected.'],[],N18000385,2025-01-01,Other_Power_Transmission,0.0
0,LOW,11.041883004499828,17.0,-5.958116995500172,0.0,0.5833333333333334,['No major cost-risk indicator was detected.'],[],N18000385,2025-02-01,Other_Power_Transmission,0.0
0,LOW,14.295604015230184,20.0,-5.704395984769816,0.0,0.625,['No major cost-risk indicator was detected.'],[],N18000385,2025-03-01,Other_Power_Transmission,0.0
0,LOW,20.837660089996536,24.9,-4.0623399100034625,0.0,0.6666666666666666,['No major cost-risk indicator was detected.'],[],N18000385,2025-04-01,Other_Power_Transmission,0.0
5,LOW,30.87504326756663,28.5,2.3750432675666318,0.0,0.7083333333333334,['No major cost-risk indicator was detected.'],['Expenditure is currently ahead of physical progress.'],N18000385,2025-05-01,Other_Power_Transmission,0.0
0,LOW,35.00484596746279,36.7,-1.6951540325372108,0.0,0.75,['No major cost-risk indicator was detected.'],[],N18000385,2025-06-01,Other_Power_Transmission,0.0
5,LOW,3.5717144763175455,3.0,0.5717144763175455,0.0,0.3333333333333333,['No major cost-risk indicator was detected.'],['Expenditure is currently ahead of physical progress.'],N18000386,2024-08-01,Transmission_System,0.0
0,LOW,8.004669779853234,15.0,-6.995330220146766,0.0,0.4583333333333333,['No major cost-risk indicator was detected.'],[],N18000386,2024-11-01,Transmission_System,0.0
0,LOW,9.005336891260841,26.0,-16.99466310873916,0.0,0.5,['No major cost-risk indicator was detected.'],[],N18000386,2024-12-01,Transmission_System,0.0
0,LOW,11.907271514342897,26.0,-14.092728485657103,0.0,0.5416666666666666,['No major cost-risk indicator was detected.'],[],N18000386,2025-01-01,Transmission_System,0.0
0,LOW,14.04202801867912,35.0,-20.95797198132088,0.0,0.5833333333333334,['No major cost-risk indicator was detected.'],[],N18000386,2025-02-01,Transmission_System,0.0
0,LOW,17.611074049366245,39.0,-21.388925950633755,0.0,0.625,['No major cost-risk indicator was detected.'],[],N18000386,2025-03-01,Transmission_System,0.0
0,LOW,24.34889926617745,42.2,-17.851100733822552,0.0,0.6666666666666666,['No major cost-risk indicator was detected.'],[],N18000386,2025-04-01,Transmission_System,0.0
0,LOW,37.124082721814545,45.3,-8.175917278185452,0.0,0.7083333333333334,['No major cost-risk indicator was detected.'],[],N18000386,2025-05-01,Transmission_System,0.0
5,LOW,48.00466977985324,47.1,0.9046697798532364,0.0,0.75,['No major cost-risk indicator was detected.'],['Expenditure is currently ahead of physical progress.'],N18000386,2025-06-01,Transmission_System,0.0
0,LOW,0.0,3.0,-3.0,0.0,0.25,['No major cost-risk indicator was detected.'],[],N18000388,2024-08-01,Other_Power_Transmission,0.0
0,LOW,0.0,3.0,-3.0,0.0,0.2916666666666667,['No major cost-risk indicator was detected.'],[],N18000388,2024-09-01,Other_Power_Transmission,0.0
0,LOW,8.054003724394786,17.0,-8.945996275605214,0.0,0.375,['No major cost-risk indicator was detected.'],[],N18000388,2024-11-01,Other_Power_Transmission,0.0
0,LOW,10.42830540037244,23.0,-12.57169459962756,0.0,0.4166666666666667,['No major cost-risk indicator was detected.'],[],N18000388,2024-12-01,Other_Power_Transmission,0.0
0,LOW,14.80446927374302,28.0,-13.19553072625698,0.0,0.4583333333333333,['No major cost-risk indicator was detected.'],[],N18000388,2025-01-01,Other_Power_Transmission,0.0
0,LOW,16.480446927374302,30.0,-13.519553072625698,0.0,0.5,['No major cost-risk indicator was detected.'],[],N18000388,2025-02-01,Other_Power_Transmission,0.0
0,LOW,20.297951582867785,36.0,-15.702048417132215,0.0,0.5416666666666666,['No major cost-risk indicator was detected.'],[],N18000388,2025-03-01,Other_Power_Transmission,0.0
0,LOW,25.931098696461824,36.0,-10.068901303538176,0.0,0.5833333333333334,['No major cost-risk indicator was detected.'],[],N18000388,2025-04-01,Other_Power_Transmission,0.0
0,LOW,39.41340782122905,43.8,-4.386592178770947,0.0,0.625,['No major cost-risk indicator was detected.'],[],N18000388,2025-05-01,Other_Power_Transmission,0.0
0,LOW,42.992085661080075,52.2,-9.207914338919927,0.0,0.6666666666666666,['No major cost-risk indicator was detected.'],[],N18000388,2025-06-01,Other_Power_Transmission,0.0
0,LOW,13.647,18.0,-4.353,0.0,0.5,['No major cost-risk indicator was detected.'],[],N18000389,2024-11-01,Transmission_System,0.0
0,LOW,19.65,28.0,-8.350000000000001,0.0,0.5555555555555556,['No major cost-risk indicator was detected.'],[],N18000389,2024-12-01,Transmission_System,0.0
0,LOW,24.1,32.0,-7.899999999999999,0.0,0.6111111111111112,['No major cost-risk indicator was detected.'],[],N18000389,2025-01-01,Transmission_System,0.0
0,LOW,26.75,43.0,-16.25,0.0,0.6666666666666666,['No major cost-risk indicator was detected.'],[],N18000389,2025-02-01,Transmission_System,0.0
0,LOW,34.150000000000006,47.0,-12.849999999999994,0.0,0.7222222222222222,['No major cost-risk indicator was detected.'],[],N18000389,2025-03-01,Transmission_System,0.0
0,LOW,41.15,50.9,-9.75,0.0,0.7777777777777778,['No major cost-risk indicator was detected.'],[],N18000389,2025-04-01,Transmission_System,0.0
0,LOW,41.15,51.0,-9.850000000000001,0.0,0.8333333333333334,['No major cost-risk indicator was detected.'],[],N18000389,2025-05-01,Transmission_System,0.0
5,LOW,60.0,58.0,2.0,0.0,0.8888888888888888,['No major cost-risk indicator was detected.'],['Expenditure is currently ahead of physical progress.'],N18000389,2025-06-01,Transmission_System,0.0
0,LOW,0.0,0.0,0.0,0.0,0.16666666666666666,['No major cost-risk indicator was detected.'],[],N18000390,2024-09-01,Transmission_System,0.0
0,LOW,0.0,0.0,0.0,0.0,0.25,['No major cost-risk indicator was detected.'],[],N18000390,2024-11-01,Transmission_System,0.0
0,LOW,0.0,3.0,-3.0,0.0,0.2916666666666667,['No major cost-risk indicator was detected.'],[],N18000390,2024-12-01,Transmission_System,0.0
0,LOW,0.0,4.0,-4.0,0.0,0.3333333333333333,['No major cost-risk indicator was detected.'],[],N18000390,2025-01-01,Transmission_System,0.0
0,LOW,0.0,6.0,-6.0,0.0,0.375,['No major cost-risk indicator was detected.'],[],N18000390,2025-02-01,Transmission_System,0.0
0,LOW,0.0,9.0,-9.0,0.0,0.4166666666666667,['No major cost-risk indicator was detected.'],[],N18000390,2025-03-01,Transmission_System,0.0
0,LOW,0.0,12.0,-12.0,0.0,0.4583333333333333,['No major cost-risk indicator was detected.'],[],N18000390,2025-04-01,Transmission_System,0.0
0,LOW,7.030927835051546,15.0,-7.969072164948454,0.0,0.5,['No major cost-risk indicator was detected.'],[],N18000390,2025-05-01,Transmission_System,0.0
0,LOW,10.0,16.8,-6.800000000000001,0.0,0.5416666666666666,['No major cost-risk indicator was detected.'],[],N18000390,2025-06-01,Transmission_System,0.0
0,LOW,0.0,0.0,0.0,0.0,0.125,['No major cost-risk indicator was detected.'],[],N18000391,2024-11-01,Other_Power_Transmission,0.0
0,LOW,1.036901494358036,2.0,-0.9630985056419641,0.0,0.16666666666666666,['No major cost-risk indicator was detected.'],[],N18000391,2024-12-01,Other_Power_Transmission,0.0
0,LOW,1.036901494358036,4.0,-2.9630985056419643,0.0,0.20833333333333334,['No major cost-risk indicator was detected.'],[],N18000391,2025-01-01,Other_Power_Transmission,0.0
0,LOW,1.3113754193351632,7.0,-5.688624580664837,0.0,0.25,['No major cost-risk indicator was detected.'],[],N18000391,2025-02-01,Other_Power_Transmission,0.0
0,LOW,1.8603232692894176,7.0,-5.139676730710582,0.0,0.2916666666666667,['No major cost-risk indicator was detected.'],[],N18000391,2025-03-01,Other_Power_Transmission,0.0
0,LOW,4.086611771881672,10.9,-6.8133882281183284,0.0,0.3333333333333333,['No major cost-risk indicator was detected.'],[],N18000391,2025-04-01,Other_Power_Transmission,0.0
0,LOW,8.963098505641963,16.4,-7.436901494358036,0.0,0.375,['No major cost-risk indicator was detected.'],[],N18000391,2025-05-01,Other_Power_Transmission,0.0
0,LOW,15.0,18.6,-3.6000000000000014,0.0,0.4166666666666667,['No major cost-risk indicator was detected.'],[],N18000391,2025-06-01,Other_Power_Transmission,0.0
0,LOW,0.0,0.0,0.0,0.0,0.125,['No major cost-risk indicator was detected.'],[],N18000392,2024-11-01,Other_Power_Transmission,0.0
0,LOW,0.9231905465288036,5.0,-4.0768094534711965,0.0,0.16666666666666666,['No major cost-risk indicator was detected.'],[],N18000392,2024-12-01,Other_Power_Transmission,0.0
0,LOW,0.9970457902511078,6.0,-5.002954209748892,0.0,0.20833333333333334,['No major cost-risk indicator was detected.'],[],N18000392,2025-01-01,Other_Power_Transmission,0.0
0,LOW,0.9970457902511078,6.0,-5.002954209748892,0.0,0.25,['No major cost-risk indicator was detected.'],[],N18000392,2025-02-01,Other_Power_Transmission,0.0
0,LOW,1.6617429837518465,15.0,-13.338257016248154,0.0,0.2916666666666667,['No major cost-risk indicator was detected.'],[],N18000392,2025-03-01,Other_Power_Transmission,0.0
0,LOW,2.769571639586411,18.7,-15.930428360413588,0.0,0.3333333333333333,['No major cost-risk indicator was detected.'],[],N18000392,2025-04-01,Other_Power_Transmission,0.0
0,LOW,7.012555391432793,21.7,-14.687444608567207,0.0,0.375,['No major cost-risk indicator was detected.'],[],N18000392,2025-05-01,Other_Power_Transmission,0.0
0,LOW,23.0,25.7,-2.6999999999999993,0.0,0.4166666666666667,['No major cost-risk indicator was detected.'],[],N18000392,2025-06-01,Other_Power_Transmission,0.0
0,LOW,0.0,0.0,0.0,0.0,0.125,['No major cost-risk indicator was detected.'],[],N18000394,2024-11-01,Other_Power_Transmission,0.0
0,LOW,1.1996308828052906,5.0,-3.8003691171947094,0.0,0.16666666666666666,['No major cost-risk indicator was detected.'],[],N18000394,2024-12-01,Other_Power_Transmission,0.0
0,LOW,1.9071055059981543,6.0,-4.092894494001846,0.0,0.20833333333333334,['No major cost-risk indicator was detected.'],[],N18000394,2025-01-01,Other_Power_Transmission,0.0
0,LOW,2.3069824669332513,7.0,-4.693017533066749,0.0,0.25,['No major cost-risk indicator was detected.'],[],N18000394,2025-02-01,Other_Power_Transmission,0.0
0,LOW,4.275607505382959,9.0,-4.724392494617041,0.0,0.2916666666666667,['No major cost-risk indicator was detected.'],[],N18000394,2025-03-01,Other_Power_Transmission,0.0
0,LOW,7.4131036604121805,11.6,-4.186896339587819,0.0,0.3333333333333333,['No major cost-risk indicator was detected.'],[],N18000394,2025-04-01,Other_Power_Transmission,0.0
0,LOW,13.122116271916337,13.4,-0.2778837280836637,0.0,0.375,['No major cost-risk indicator was detected.'],[],N18000394,2025-05-01,Other_Power_Transmission,0.0
5,LOW,20.0,16.2,3.8000000000000007,0.0,0.4166666666666667,['No major cost-risk indicator was detected.'],['Expenditure is currently ahead of physical progress.'],N18000394,2025-06-01,Other_Power_Transmission,0.0
5,LOW,2.4390243902439024,2.0,0.4390243902439024,0.0,0.6785714285714286,['No major cost-risk indicator was detected.'],['Expenditure is currently ahead of physical progress.'],N18000395,2024-12-01,Substation_Grid_Equipment,0.0
0,LOW,3.048780487804878,9.0,-5.951219512195122,0.0,0.7142857142857143,['No major cost-risk indicator was detected.'],[],N18000395,2025-01-01,Substation_Grid_Equipment,0.0
25,LOW,40.2439024390244,12.0,28.243902439024403,0.0,0.75,['Expenditure is substantially ahead of physical progress.'],[],N18000395,2025-02-01,Substation_Grid_Equipment,0.0
25,LOW,40.2439024390244,15.0,25.243902439024403,0.0,0.7857142857142857,['Expenditure is substantially ahead of physical progress.'],[],N18000395,2025-03-01,Substation_Grid_Equipment,0.0
25,LOW,40.2439024390244,15.0,25.243902439024403,0.0,0.8214285714285714,['Expenditure is substantially ahead of physical progress.'],[],N18000395,2025-04-01,Substation_Grid_Equipment,0.0
5,LOW,36.58536585365854,21.0,15.585365853658537,0.0,0.8571428571428571,['No major cost-risk indicator was detected.'],['Expenditure is currently ahead of physical progress.'],N18000395,2025-05-01,Substation_Grid_Equipment,0.0
5,LOW,36.58536585365854,33.0,3.585365853658537,0.0,0.8928571428571429,['No major cost-risk indicator was detected.'],['Expenditure is currently ahead of physical progress.'],N18000395,2025-06-01,Substation_Grid_Equipment,0.0
0,LOW,0.0,1.0,-1.0,0.0,0.3333333333333333,['No major cost-risk indicator was detected.'],[],N18000396,2025-02-01,Transmission_System,0.0
0,LOW,0.0,1.0,-1.0,0.0,0.3888888888888889,['No major cost-risk indicator was detected.'],[],N18000396,2025-03-01,Transmission_System,0.0
0,LOW,0.0,1.0,-1.0,0.0,0.4444444444444444,['No major cost-risk indicator was detected.'],[],N18000396,2025-04-01,Transmission_System,0.0
0,LOW,0.0,1.0,-1.0,0.0,0.5,['No major cost-risk indicator was detected.'],[],N18000396,2025-05-01,Transmission_System,0.0
0,LOW,2.791327913279133,3.8,-1.0086720867208667,0.0,0.5555555555555556,['No major cost-risk indicator was detected.'],[],N18000396,2025-06-01,Transmission_System,0.0
0,LOW,0.0,1.0,-1.0,0.0,0.25,['No major cost-risk indicator was detected.'],[],N18000397,2025-02-01,Transmission_System,0.0
0,LOW,0.0,1.0,-1.0,0.0,0.2916666666666667,['No major cost-risk indicator was detected.'],[],N18000397,2025-03-01,Transmission_System,0.0
0,LOW,0.0,1.0,-1.0,0.0,0.3333333333333333,['No major cost-risk indicator was detected.'],[],N18000397,2025-04-01,Transmission_System,0.0
0,LOW,0.0,1.0,-1.0,0.0,0.375,['No major cost-risk indicator was detected.'],[],N18000397,2025-05-01,Transmission_System,0.0
5,LOW,1.9971056439942112,1.0,0.9971056439942112,0.0,0.4166666666666667,['No major cost-risk indicator was detected.'],['Expenditure is currently ahead of physical progress.'],N18000397,2025-06-01,Transmission_System,0.0
5,LOW,1.4697876973326074,1.0,0.4697876973326074,0.0,0.125,['No major cost-risk indicator was detected.'],['Expenditure is currently ahead of physical progress.'],N18000399,2025-01-01,Transmission_System,0.0
5,LOW,2.014153511159499,1.0,1.014153511159499,0.0,0.16666666666666666,['No major cost-risk indicator was detected.'],['Expenditure is currently ahead of physical progress.'],N18000399,2025-02-01,Transmission_System,0.0
5,LOW,2.014153511159499,1.0,1.014153511159499,0.0,0.20833333333333334,['No major cost-risk indicator was detected.'],['Expenditure is currently ahead of physical progress.'],N18000399,2025-03-01,Transmission_System,0.0
0,LOW,2.2046815459989113,7.0,-4.795318454001089,0.0,0.25,['No major cost-risk indicator was detected.'],[],N18000399,2025-04-01,Transmission_System,0.0
0,LOW,6.384594447468698,10.3,-3.9154055525313023,0.0,0.2916666666666667,['No major cost-risk indicator was detected.'],[],N18000399,2025-05-01,Transmission_System,0.0
0,LOW,9.400108873162766,12.7,-3.299891126837233,0.0,0.3333333333333333,['No major cost-risk indicator was detected.'],[],N18000399,2025-06-01,Transmission_System,0.0
5,LOW,1.3638271086865297,1.0,0.3638271086865297,0.0,0.125,['No major cost-risk indicator was detected.'],['Expenditure is currently ahead of physical progress.'],N18000400,2025-01-01,Transmission_System,0.0
5,LOW,1.3638271086865297,1.0,0.3638271086865297,0.0,0.16666666666666666,['No major cost-risk indicator was detected.'],['Expenditure is currently ahead of physical progress.'],N18000400,2025-02-01,Transmission_System,0.0
5,LOW,2.308015107007973,1.0,1.3080151070079729,0.0,0.20833333333333334,['No major cost-risk indicator was detected.'],['Expenditure is currently ahead of physical progress.'],N18000400,2025-03-01,Transmission_System,0.0
5,LOW,3.252203105329417,2.5,0.7522031053294169,0.0,0.25,['No major cost-risk indicator was detected.'],['Expenditure is currently ahead of physical progress.'],N18000400,2025-04-01,Transmission_System,0.0
5,LOW,5.875577003776752,4.2,1.675577003776752,0.0,0.2916666666666667,['No major cost-risk indicator was detected.'],['Expenditure is currently ahead of physical progress.'],N18000400,2025-05-01,Transmission_System,0.0
5,LOW,7.000000000000001,5.1,1.9000000000000012,0.0,0.3333333333333333,['No major cost-risk indicator was detected.'],['Expenditure is currently ahead of physical progress.'],N18000400,2025-06-01,Transmission_System,0.0
0,LOW,0.0,0.7,-0.7,0.0,0.25,['No major cost-risk indicator was detected.'],[],N18000401,2025-05-01,Transmission_System,0.0
0,LOW,1.0,3.8,-2.8,0.0,0.2916666666666667,['No major cost-risk indicator was detected.'],[],N18000401,2025-06-01,Transmission_System,0.0
0,LOW,0.0,6.0,-6.0,0.0,0.125,['No major cost-risk indicator was detected.'],[],N18000402,2025-02-01,Substation_Grid_Equipment,0.0
0,LOW,0.0,1.0,-1.0,0.0,0.16666666666666666,['No major cost-risk indicator was detected.'],[],N18000402,2025-03-01,Substation_Grid_Equipment,0.0
0,LOW,0.0,1.0,-1.0,0.0,0.20833333333333334,['No major cost-risk indicator was detected.'],[],N18000402,2025-04-01,Substation_Grid_Equipment,0.0
0,LOW,0.0,1.0,-1.0,0.0,0.25,['No major cost-risk indicator was detected.'],[],N18000402,2025-05-01,Substation_Grid_Equipment,0.0
0,LOW,1.0,1.0,0.0,0.0,0.2916666666666667,['No major cost-risk indicator was detected.'],[],N18000402,2025-06-01,Substation_Grid_Equipment,0.0
0,LOW,1.266007093522494,3.7,-2.4339929064775063,0.0,0.25,['No major cost-risk indicator was detected.'],[],N18000404,2025-05-01,Transmission_System,0.0
0,LOW,2.0,3.8,-1.7999999999999998,0.0,0.2916666666666667,['No major cost-risk indicator was detected.'],[],N18000404,2025-06-01,Transmission_System,0.0
5,LOW,3.399931577146767,2.1,1.2999315771467668,0.0,0.25,['No major cost-risk indicator was detected.'],['Expenditure is currently ahead of physical progress.'],N18000407,2025-06-01,Transmission_System,0.0
0,LOW,1.700729927007299,2.5,-0.7992700729927009,0.0,0.11904761904761904,['No major cost-risk indicator was detected.'],[],N18000408,2025-06-01,Transmission_System,0.0
