project_code,project_name,snapshot_date,start_date,original_doc,original_cost_cr,cumulative_expenditure_cr,physical_progress_pct,planned_duration_months,elapsed_months,months_to_original_target,expenditure_pct_of_original_cost,project_category,target_cost_overrun_pct,target_schedule_overrun_months,delay_flag,cost_overrun_flag,max_cost_overrun,cost_risk,expenditure_progress_gap,schedule_slippage_months,schedule_pressure_ratio,budget_consumption_ratio,expenditure_progress_ratio
602223,Comprehensive Scheme for Strengthening of Transmission and Distribution [T&D] Systems [CSST&DS] in Arunachal Pradesh and Sikkim,2026-06-01,2014-10-01,12-2018,4754.42,8128.74,83.8,50,140,-90,170.97227422061997,Other_Power_Transmission,92.0175331586187,,1,1,92.0175331586187,1,87.17227422061997,90,2.8,1.7097227422061996,2.040241935806921
606781,Transmission System for Strengthening of Srinagar-Leh Tr. System,2025-10-01,2022-03-01,12-2024,288.71,280.02,99.0,33,43,-10,96.99005922898412,Transmission_System,0.0,11.0,1,0,0.0,0,-2.009940771015877,10,1.303030303030303,0.9699005922898413,0.9796975679695366
607709,NORTH EASTERN REGION POWER SYSTEM IMPROVEMENT PROJECT [NERPSIP],2026-06-01,2016-03-01,12-2018,5111.33,5577.75,99.1,33,123,-90,109.12521789827696,Other_Power_Transmission,31.08134282075311,,1,1,31.08134282075311,1,10.025217898276964,90,3.727272727272727,1.0912521789827696,1.1011626427676788
608302,Transmission system for evacuation of Power from Pakaldul HEP in Chenab Valley HEPs - LTA System,2025-10-01,2022-02-01,04-2025,318.12,317.12,100.0,38,44,-6,99.68565321262416,Transmission_System,0.0,7.0,1,0,0.0,0,-0.31434678737583965,6,1.1578947368421053,0.9968565321262416,0.9968565321262416
611656,Transmission scheme for evacuation of 4.5GW RE injection at Khavda PS under Phase II- Part B,2025-10-01,2023-03-01,03-2025,1167.55,1147.74,97.0,24,31,-7,98.30328465590338,Transmission_System,-0.04710719027022,8.0,1,0,-0.04710719027022,0,1.3032846559033828,7,1.2916666666666667,0.9830328465590338,1.0134359242876638
611657,Transmission scheme for evacuation of 4.5GW RE injection at Khavda PS under Phase II- Part C,2025-12-01,2023-03-01,03-2025,2820.99,2783.19,98.0,24,33,-9,98.66004487786203,Transmission_System,0.0,10.0,1,0,0.0,0,0.6600448778620347,9,1.375,0.9866004487786203,1.0067351518149188
611659,Transmission system strengthening scheme for evacuation of power from solar energy zones in Rajasthan[8.1 GW] under phase-II- Part E,2025-11-01,2023-03-01,09-2024,1433.28,1418.67,98.0,18,32,-14,98.9806597454789,Transmission_System,-0.0195356106273702,15.0,1,0,-0.0195356106273702,0,0.9806597454789028,14,1.7777777777777777,0.989806597454789,1.0100067320967234
611660,Establishment of Khavda Pooling Station-2 KPS2 in Khavda RE Park KPS2 TRANSMISSION SYSTEM LIMITED,2025-10-01,2023-03-01,12-2024,966.79,936.24,97.0,21,31,-10,96.84005833738456,Substation_Grid_Equipment,0.0,11.0,1,0,0.0,0,-0.15994166261543796,10,1.4761904761904763,0.9684005833738456,0.9983511168802532
611947,Transmission System for Evacuation of Power from REZ in Rajasthan 20GW under Phase III- Part E2,2026-04-01,2023-11-01,06-2025,428.3,415.45,98.4,19,29,-10,96.99976651879524,Transmission_System,0.0,12.0,1,0,0.0,0,-1.400233481204765,10,1.5263157894736843,0.9699976651879524,0.985769984947106
611949,Transmission system for evacuation of power from REZ in Rajasthan 20 GW under Phase-III part C1,2026-03-01,2023-10-01,04-2025,1796.02,1724.17,98.47,18,29,-11,95.99948775626108,Transmission_System,0.0,13.0,1,0,0.0,0,-2.4705122437389235,11,1.6111111111111112,0.9599948775626107,0.9749110161090797
611950,Transmission system for evacuation of power from REZ in Rajasthan 20 GW under Phase-III part B1,2026-01-01,2023-09-01,04-2025,2190.54,2139.44,99.0,19,28,-9,97.66724186730214,Transmission_System,0.0,10.0,1,0,0.0,0,-1.3327581326978617,9,1.4736842105263157,0.9766724186730213,0.9865377966394155
611966,Transmission System for Evacuation of power from Potential RE Zone in Khavda Area of Gujarat under phase IV 7GW-Part E4,2026-06-01,2023-11-01,07-2025,224.41,224.41,100.0,20,31,-11,100.0,Transmission_System,0.0,10.0,1,0,0.0,0,0.0,11,1.55,1.0,1.0
611967,Transmission Scheme for Solar Energy Zone in Ananthpuram 2500MW and Kurnool 1000MW,2026-03-01,2023-09-01,09-2025,1248.69,1198.74,97.52,24,30,-6,95.9998077985729,Transmission_System,0.0,7.0,1,0,0.0,0,-1.5201922014270934,6,1.25,0.959998077985729,0.9844114827581307
612138,"Transmission Scheme for Solar Energy Zone in Bidar [2500 MW], Karnataka [Bidar Transmission Ltd]",2026-03-01,2024-02-01,02-2026,2147.62,1825.47,87.32,24,25,-1,84.99967405779422,Transmission_System,0.0,4.0,1,0,0.0,0,-2.32032594220577,1,1.0416666666666667,0.8499967405779423,0.9734273254442766
612139,Transmission system for Evacuation of Additional 7 GW RE power from Khavda RE park under Phase-III Part B [Vataman Transmission Limited],2026-03-01,2023-12-01,12-2025,3751.82,2194.81,55.23,24,27,-3,58.499874727465595,Transmission_System,0.0,12.0,1,0,0.0,0,3.2698747274655986,3,1.125,0.584998747274656,1.0592046845458192
612140,Transmission Scheme for Integration of Renewable Energy Zone [Phase II] in Koppal II [Phase A&B] and gadag II[Phase A] in Karnataka [POWERGRID KOPPAL GADAG TRANSMISSION LIMITED],2026-03-01,2023-12-01,12-2025,2889.39,2224.83,80.41,24,27,-3,76.99998961718563,Transmission_System,0.0,9.0,1,0,0.0,0,-3.410010382814363,3,1.125,0.7699998961718564,0.9575922101378639
617179,Transmission Scheme for evacuation of Power from Ratle HEP [850 MW] & kiru [624 MW] Part B,2026-06-01,2024-07-01,07-2026,218.6,3.72,1.7,24,23,1,1.7017383348581887,Transmission_System,0.0,11.0,1,0,0.0,0,0.0017383348581887503,0,0.9583333333333334,0.017017383348581886,1.0010225499165817
617269,Transmission System for Strengthening to facilitate evacuation of power from Bhadla/Bikaner Complex,2026-06-01,2024-12-01,06-2026,212.81,9.98,11.17,18,18,0,4.689629246745923,Transmission_System,0.0,6.0,1,0,0.0,0,-6.480370753254077,0,1.0,0.04689629246745923,0.4198414724033951
617270,Eastern Region  Expansion Scheme-44 [ERES-44],2026-06-01,2024-11-01,05-2026,408.94,6.13,1.5,18,19,-1,1.4989974079327042,Transmission_System,0.0,13.0,1,0,0.0,0,-0.0010025920672958044,1,1.0555555555555556,0.014989974079327041,0.9993316052884694
617326,Implementation of Transmission Systems in the State of Jharkhand consisting of 400/220/132/33 kV transmission lines and substations under Jharkhand Consultancy Project,2026-06-01,2012-02-01,03-2026,1842.25,1648.05,96.3,169,172,-3,89.4585425430859,Substation_Grid_Equipment,0.0,5.0,1,0,0.0,0,-6.8414574569141,3,1.017751479289941,0.894585425430859,0.9289568280694278
617801,Provision of ICT Augmentation & Bus Reactor at Bhuj-II PS,2026-06-01,2025-03-01,12-2026,581.74,17.45,6.0,21,15,6,2.9996218241826247,Substation_Grid_Equipment,0.0,6.0,1,0,0.0,0,-3.0003781758173753,0,0.7142857142857143,0.029996218241826248,0.49993697069710413
619029,Transmission System for Reliable Power Supply to Dholera,2026-06-01,2024-09-01,03-2026,319.42,63.88,31.0,18,21,-3,19.998747730261098,Transmission_System,0.0,9.0,1,0,0.0,0,-11.001252269738902,3,1.1666666666666667,0.199987477302611,0.6451208945245516
900808,Transmission System for Kurnool Wind Energy Zone/ Solar Energy Zone  Part-A and Part-B,2026-05-01,2023-03-01,11-2024,3546.94,3532.75,99.69,20,38,-18,99.59993684697233,Transmission_System,0.0,18.0,1,0,0.0,0,-0.0900631530276712,18,1.9,0.9959993684697233,0.9990965678299962
N18000184,ESTABLISHMENT OF FIBER OPTIC COMMUNICATION SYSTEM IN NR UNDER FIBER OPTIC EXPANSION PROJECT (ADDITIO,2024-11-01,2015-03-01,03-2018,197.4,162.89,98.0,36,116,-80,82.5177304964539,Other_Power_Transmission,0.0,81.0,1,0,0.0,0,-15.482269503546107,80,3.2222222222222223,0.8251773049645389,0.8420176581270805
N18000249,COMPREHENSIVE SCHEME FOR THE STRENGHTENING OF THE TRANSMISSION AND DISTRIBUTION SYSTEM IN A P,2025-06-01,2014-12-01,12-2018,4754.42,7602.44,81.7,48,126,-78,159.9025748671762,Other_Power_Transmission,92.0175331586187,,1,1,92.0175331586187,1,78.20257486717621,78,2.625,1.599025748671762,1.957191858839366
N18000250,NORTH EASTERN REGION POWER SYSTEM IMPROVEMENT PROJECT (NERPSIP) FOR SIX (6) STATES,2025-06-01,2014-12-01,12-2018,5111.33,5230.02,96.0,48,126,-78,102.32209620587987,Other_Power_Transmission,31.08134282075311,81.0,1,1,31.08134282075311,1,6.322096205879873,78,2.625,1.0232209620587986,1.0658551688112488
N18000300,TRANSMISSION SYSTEM STRENGTHENING SCHEME FOR EVACUATION OF POWER FROM SOLAR ENERGY ZONES IN RAJASTHA,2024-08-01,2021-05-01,09-2022,1184.88,840.52,97.0,16,39,-23,70.93714131388832,Transmission_System,0.0,23.0,1,0,0.0,0,-26.06285868611168,23,2.4375,0.7093714131388832,0.7313107351947249
N18000306,TRANSMISSION SYSTEM STRENGTHENING SCHEME FOR EVACUATION OF POWER FROM SOLAR ENERGY ZONES IN RAJASTHA,2024-11-01,2021-06-01,12-2022,1562.0,1292.25,99.0,18,41,-23,82.73047375160051,Transmission_System,0.0,24.0,1,0,0.0,0,-16.269526248399487,23,2.2777777777777777,0.8273047375160051,0.8356613510262678
N18000307,TRANSMISSION SYSTEM STRENGTHENING SCHEME FOR EVACUATION OF POWER FROM SOLAR ENERGY ZONES IN RAJASTHA,2024-11-01,2021-06-01,12-2022,1006.0,884.11,100.0,18,41,-23,87.88369781312127,Transmission_System,0.0,22.0,1,0,0.0,0,-12.116302186878727,23,2.2777777777777777,0.8788369781312128,0.8788369781312128
N18000330,TRANSMISSION SYSTEM STRENGTHENING FOR SRINAGAR-LEH TRANSMISSION SYSTEM,2025-06-01,2022-03-01,12-2024,288.71,199.53,48.0,33,39,-6,69.11087250181845,Transmission_System,0.0,9.0,1,0,0.0,0,21.11087250181845,6,1.1818181818181819,0.6911087250181844,1.4398098437878843
N18000331,TRANSMISSION SYSTEM STRENGTHENING SCHEME FOR EVACUATION OF POWER FROM SOLAR ENERGY ZONES IN RAJASTHA,2025-06-01,2022-02-01,09-2023,359.47,327.28,90.0,19,40,-21,91.0451498038779,Transmission_System,0.0,23.0,1,0,0.0,0,1.045149803877905,21,2.1052631578947367,0.910451498038779,1.0116127755986435
N18000332,TRANSMISSION SYSTEM STRENGTHENING SCHEME FOR EVACUATION OF POWER FROM SOLAR ENERGY ZONES IN RAJASTHA,2025-06-01,2022-05-01,11-2023,1666.0,2029.28,94.1,18,37,-19,121.80552220888354,Transmission_System,33.13325330132052,22.0,1,1,33.13325330132052,1,27.70552220888355,19,2.0555555555555554,1.2180552220888354,1.2944263784153407
N18000338,TRANSMISSION NETWORK EXPANSION IN GUJARAT TO INCREASE ATC FROM ISTS: PART C,2025-03-01,2022-07-01,03-2025,186.19,71.53,100.0,32,32,0,38.41774531392664,Transmission_System,0.0,0.0,0,0,0.0,0,-61.58225468607336,0,1.0,0.3841774531392664,0.3841774531392664
N18000343,SYSTEM STRENGTHENING SCHEME FOR EASTERN AND NORTH EASTERN REGION,2025-06-01,2022-10-01,10-2025,307.87,298.87,100.0,36,32,4,97.07668821255724,Transmission_System,0.0,-4.0,0,0,0.0,0,-2.9233117874427563,0,0.8888888888888888,0.9707668821255724,0.9707668821255724
N18000350,WESTERN REGION EXPANSION SCHEME XXV,2025-06-01,2023-02-01,11-2023,385.84,370.41,95.0,9,28,-19,96.00093302923491,Transmission_System,0.0,21.0,1,0,0.0,0,1.0009330292349148,19,3.111111111111111,0.9600093302923491,1.0105361371498411
N18000351,EASTERN REGION EXPANSION SCHEME XXIX,2025-06-01,2023-03-01,11-2025,524.04,482.12,99.8,32,27,5,92.00061064040914,Transmission_System,0.0,-4.0,0,0,0.0,0,-7.799389359590862,0,0.84375,0.9200061064040913,0.9218498060161237
N18000353,ER WR TRANSMISSION LIMITED,2025-06-01,2023-03-01,03-2025,281.16,281.15,100.0,24,27,-3,99.99644330630244,Other_Power_Transmission,0.0,3.0,1,0,0.0,0,-0.003556693697561286,3,1.125,0.9999644330630244,0.9999644330630244
N18000354,TRANSMISSION SYSTEM ASSOCIATED WITH WESTERN REGION EXPANSION SCHEME XXVII,2025-03-01,2023-03-01,09-2024,271.69,186.03,100.0,18,24,-6,68.47141963266958,Transmission_System,0.0,6.0,1,0,0.0,0,-31.52858036733042,6,1.3333333333333333,0.6847141963266958,0.6847141963266958
N18000355,TRANSMISSION SYSTEM ASSOCIATED WITH WESTERN REGION EXPANSION SCHEME- XXVIII AND XXIX,2025-03-01,2023-03-01,03-2025,260.3,187.79,100.0,24,24,0,72.14368036880522,Transmission_System,0.0,0.0,0,0,0.0,0,-27.85631963119478,0,1.0,0.7214368036880522,0.7214368036880522
N18000356,TRANSMISSION SYSTEM SCHEME FOR EVACUATION OF POWER FROM REZ RAJASTHAN (8.1 GW) UNDER PHASE-II PART,2025-06-01,2023-03-01,09-2024,1433.28,1290.22,91.9,18,27,-9,90.01869837017192,Transmission_System,0.0,12.0,1,0,0.0,0,-1.8813016298280871,9,1.5,0.9001869837017192,0.9795288179561688
N18000357,ESTABLISHMENT OF KHAVDA POOLING STATION 3 (KPS3) IN KHAVDA RE PARK,2025-06-01,2023-03-01,12-2024,922.3,830.14,90.5,21,27,-6,90.00758972134881,Substation_Grid_Equipment,0.0,7.0,1,0,0.0,0,-0.49241027865119236,6,1.2857142857142858,0.9000758972134881,0.9945590024458432
N18000359,"KHAVDA-2, GUJARAT- ESTABLISHMENT OF KHAVDA POOLING STATION-2 (KPS2) IN KHAVDA RE PARK",2025-06-01,2023-03-01,12-2024,966.79,870.1,93.6,21,27,-6,89.99886221413131,Substation_Grid_Equipment,0.0,8.0,1,0,0.0,0,-3.601137785868687,6,1.2857142857142858,0.899988622141313,0.9615263057065311
N18000360,"KHAVDA PHASE-II-PART B, GUJARAT- TRANSMISSION SCHEME FOR EVACUATION OF 4.5 GW RE INJECTION AT KHAVDA",2025-06-01,2023-03-01,03-2025,1167.55,957.39,90.0,24,27,-3,81.99991435056316,Transmission_System,0.0,6.0,1,0,0.0,0,-8.00008564943684,3,1.125,0.8199991435056316,0.9111101594507017
N18000361,"KHAVDA PHASE-II-PART C, GUJARAT- TRANSMISSION SCHEME FOR EVACUATION OF 4.5 GW RE INJECTION AT KHAVDA",2025-06-01,2023-03-01,03-2025,2820.99,2418.0,82.6,24,27,-3,85.71458955898463,Transmission_System,0.0,6.0,1,0,0.0,0,3.1145895589846333,3,1.125,0.8571458955898463,1.0377068953872233
N18000372,TRANSMISSION SYSTEM FOR EVACUATION OF POWER FROM RAJASTHAN REZ PHASE-IV PART-I (BIKANER COMPLEX) PAR,2025-01-01,2023-06-01,01-2025,202.39,20.04,100.0,19,19,0,9.901674983941897,Transmission_System,0.0,1.0,1,0,0.0,0,-90.0983250160581,0,1.0,0.09901674983941897,0.09901674983941897
N18000373,"TS FOR EVACUATION OF POWER FROM REZ IN RAJASTHAN (20GW) UNDER PHASE-III, PART E1",2025-06-01,2023-08-01,02-2025,688.74,564.77,93.0,18,22,-4,82.00046461654615,Transmission_System,0.0,7.0,1,0,0.0,0,-10.999535383453846,4,1.2222222222222223,0.8200046461654615,0.8817254259843672
N18000374,TS FOR EVACUATION POWER FROM REZ IN RAJASTHAN (20GW) UNDER PHASE-III PART H,2025-06-01,2023-10-01,04-2025,2211.0,1702.27,69.4,18,20,-2,76.99095431931254,Other_Power_Transmission,0.0,4.0,1,0,0.0,0,7.59095431931253,2,1.1111111111111112,0.7699095431931253,1.109379745235051
N18000376,TS FOR EVACUATION POWER FROM REZ IN RAJASTHAN (20GW) UNDER PHASE-III PART B1,2025-06-01,2023-09-01,04-2025,2191.0,1511.45,75.7,19,21,-2,68.98448197170242,Other_Power_Transmission,0.0,5.0,1,0,0.0,0,-6.715518028297581,2,1.105263157894737,0.6898448197170243,0.9112877407094111
N18000377,TS FOR EVACUATION OF 7GW RE INJECTION AT KHAVDA PS UNDER PHASE-IV PART E4,2025-06-01,2023-11-01,07-2025,224.0,15.68,7.0,20,19,1,6.999999999999999,Other_Power_Transmission,0.0,4.0,1,0,0.0,0,-8.881784197001252e-16,0,0.95,0.06999999999999999,0.9999999999999999
N18000379,TS FOR EVACUATION POWER FROM REZ IN RAJASTHAN (20GW) UNDER PHASE-III PART E2,2025-06-01,2023-11-01,06-2025,428.0,85.6,45.0,19,19,0,20.0,Other_Power_Transmission,0.0,3.0,1,0,0.0,0,-25.0,0,1.0,0.2,0.4444444444444444
N18000384,TS FOR EVACUATION OF ADDITIONAL 7GW RE POWER FROM KHAVDA RE PARK UNDER PHASE-III PART B [VATAMAN TRA,2025-06-01,2023-12-01,12-2025,3752.0,1463.23,20.0,24,18,6,38.99866737739872,Other_Power_Transmission,0.0,6.0,1,0,0.0,0,18.998667377398718,0,0.75,0.38998667377398716,1.9499333688699358
N18000385,TS FOR INTRGRATION OF RE ZONE (PHASE II) IN KOPPAL II (PHASE A and B) AND GADAG II (PHASE A) IN KARN,2025-06-01,2023-12-01,12-2025,2889.0,1011.29,36.7,24,18,6,35.00484596746279,Other_Power_Transmission,0.0,0.0,0,0,0.0,0,-1.6951540325372108,0,0.75,0.35004845967462794,0.9538105168245992
N18000386,TS FOR EVACUATION OF POWER FROM RAJASTHAN REZ PH-IV (PART-1) [BIKANER COMPLEX] PART A [BIKANER III N,2025-06-01,2023-12-01,12-2025,2998.0,1439.18,47.1,24,18,6,48.00466977985324,Transmission_System,0.0,0.0,0,0,0.0,0,0.9046697798532364,0,0.75,0.4800466977985324,1.019207426323848
N18000388,"TS FOR SOLAR ENERGY ZONE IN BIDAR (2500MW), KARNATAKA [BIDAR TRANSMISSION LTD]",2025-06-01,2024-02-01,02-2026,2148.0,923.47,52.2,24,16,8,42.992085661080075,Other_Power_Transmission,0.0,0.0,0,0,0.0,0,-9.207914338919927,0,0.6666666666666666,0.42992085661080076,0.8236031735839094
N18000389,TS FOR EVACUATION OF POWER FROM REZ IN RAJASTHAN (20GW) UNDER PH-III PART D [SIKAR KHETRI TRANSMISSI,2025-06-01,2024-02-01,08-2025,2000.0,1200.0,58.0,18,16,2,60.0,Transmission_System,0.0,1.0,1,0,0.0,0,2.0,0,0.8888888888888888,0.6,1.0344827586206897
N18000390,TS FOR EVACUATION OF POWER FROM 7GW REZ IN KHAVDA AREA UNDER PHASE-IV PART E2,2025-06-01,2024-05-01,05-2026,679.0,67.9,16.8,24,13,11,10.0,Transmission_System,0.0,-3.0,0,0,0.0,0,-6.800000000000001,0,0.5416666666666666,0.1,0.5952380952380952
N18000391,TS FOR EVACUATION POWER FROM RAJASTHAN REZ PH-IV (PART-2:5.5GW) PART-B (JAISALMER/BARMER COMPLEX),2025-06-01,2024-08-01,08-2026,3279.0,491.85,18.6,24,10,14,15.0,Other_Power_Transmission,0.0,0.0,0,0,0.0,0,-3.6000000000000014,0,0.4166666666666667,0.15,0.8064516129032258
N18000392,TS FOR EVACUATION POWER RAJASTHAN REZ PH-IV (PART-2:5.5GW) (JAISALMER/BARMER COMPLEX): PART- C,2025-06-01,2024-08-01,08-2026,2708.0,622.84,25.7,24,10,14,23.0,Other_Power_Transmission,0.0,0.0,0,0,0.0,0,-2.6999999999999993,0,0.4166666666666667,0.23,0.8949416342412452
N18000394,TS FOR EVACUATION POWER FROM RAJASTHAN REZ PH-IV (PART-2:5.5GW) (JAISALMER/BARMER COMPLEX) PART- E,2025-06-01,2024-08-01,08-2026,3251.0,650.2,16.2,24,10,14,20.0,Other_Power_Transmission,0.0,0.0,0,0,0.0,0,3.8000000000000007,0,0.4166666666666667,0.2,1.234567901234568
N18000395,AUGMENTATION OF 1500MVA 3RD 765/400KV TRANSFORMATION CAPACITY AT KURNOOL NEW SUBSTATION,2025-06-01,2023-05-01,09-2025,164.0,60.0,33.0,28,25,3,36.58536585365854,Substation_Grid_Equipment,0.0,0.0,0,0,0.0,0,3.585365853658537,0,0.8928571428571429,0.36585365853658536,1.1086474501108647
N18000396,ADDITIONAL TRANSMISSION SYSTEM FOR EVACUATION OF POWER FROM BHADLA-III PS AS PART OF RAJASTHAN REZ P,2025-06-01,2024-08-01,02-2026,369.0,10.3,3.8,18,10,8,2.791327913279133,Transmission_System,0.0,0.0,0,0,0.0,0,-1.0086720867208667,0,0.5555555555555556,0.027913279132791333,0.7345599771787192
N18000397,TRANSMISSION SYSTEM STRENGTHENING FOR INTERCONNECTIONS OF BHADLA-III AND BIKANER III COMPLEX [SPV NA,2025-06-01,2024-08-01,08-2026,1382.0,27.6,1.0,24,10,14,1.9971056439942112,Transmission_System,0.0,0.0,0,0,0.0,0,0.9971056439942112,0,0.4166666666666667,0.01997105643994211,1.9971056439942112
N18000399,TRANSMISSION SYSTEM FOR EVACUATION OF POWER FROM RAJASTHAN REZ PH-IV [PART-2 5.5GW] [JAISALMER/BARME,2025-06-01,2024-10-01,10-2026,3674.0,345.36,12.7,24,8,16,9.400108873162766,Transmission_System,0.0,0.0,0,0,0.0,0,-3.299891126837233,0,0.3333333333333333,0.09400108873162766,0.7401660530049423
N18000400,TRANSMISSION SYSTEM FOR EVACUATION OF POWER FROM POTENTIAL RENEWABLE ENERGY ZONE IN KHAVDA AREA OF G,2025-06-01,2024-10-01,10-2026,4766.0,333.62,5.1,24,8,16,7.000000000000001,Transmission_System,0.0,0.0,0,0,0.0,0,1.9000000000000012,0,0.3333333333333333,0.07,1.3725490196078434
N18000401,TRANSMISSION SYSTEM FOR EVACUATION OF POWER FROM RAJASTHAN REZ PH -IV [PART-2 5.5 GW] [JAISALMER/BAR,2025-06-01,2024-11-01,11-2026,2735.0,27.35,3.8,24,7,17,1.0,Transmission_System,0.0,0.0,0,0,0.0,0,-2.8,0,0.2916666666666667,0.01,0.2631578947368421
N18000402,PROVISION OF DYNAMIC REACTIVE COMPENSATION AT KHAVDA POOLING STATION 1 [KPS1] AND KHAVDA POOLING STA,2025-06-01,2024-11-01,11-2026,501.0,5.01,1.0,24,7,17,1.0,Substation_Grid_Equipment,0.0,0.0,0,0,0.0,0,0.0,0,0.2916666666666667,0.01,1.0
N18000404,TRANSMISSION SYSTEM FOR EVACUATION OF POWER FROM RAJASTHAN REZ PH-IV [PART-3 (6 GW)] [BIKANER COMPLE,2025-06-01,2024-11-01,11-2026,5357.0,107.14,3.8,24,7,17,2.0,Transmission_System,0.0,0.0,0,0,0.0,0,-1.7999999999999998,0,0.2916666666666667,0.02,0.5263157894736842
N18000407,TRANSMISSION SYSTEM FOR EVACUATION OF POWER FROM RAJASTHAN REZ PH-IV (PART-4: 3.5 GW): PART A,2025-06-01,2024-12-01,12-2026,5846.0,198.76,2.1,24,6,18,3.399931577146767,Transmission_System,0.0,0.0,0,0,0.0,0,1.2999315771467668,0,0.25,0.03399931577146767,1.6190150367365557
N18000408,TRANSMISSION SYSTEM UNDER ISTS FOR EVACUATION OF POWER FROM KUDANKULAM UNIT - 3 AND 4 (2X1000 MW),2025-06-01,2025-01-01,07-2028,548.0,9.32,2.5,42,5,37,1.700729927007299,Transmission_System,0.0,0.0,0,0,0.0,0,-0.7992700729927009,0,0.11904761904761904,0.017007299270072992,0.6802919708029196
