project_code,project_name,snapshot_date,target_schedule_overrun_months,prediction,fold
611656,Transmission scheme for evacuation of 4.5GW RE injection at Khavda PS under Phase II- Part B,2025-07-01,7.0,5.998413853031498,1
611656,Transmission scheme for evacuation of 4.5GW RE injection at Khavda PS under Phase II- Part B,2025-08-01,7.0,6.564151664955843,1
611656,Transmission scheme for evacuation of 4.5GW RE injection at Khavda PS under Phase II- Part B,2025-09-01,7.0,7.222643033336914,1
611656,Transmission scheme for evacuation of 4.5GW RE injection at Khavda PS under Phase II- Part B,2025-10-01,8.0,10.129128789955024,1
611657,Transmission scheme for evacuation of 4.5GW RE injection at Khavda PS under Phase II- Part C,2025-07-01,8.0,7.094432746504728,1
611657,Transmission scheme for evacuation of 4.5GW RE injection at Khavda PS under Phase II- Part C,2025-08-01,8.0,7.727815928853855,1
611657,Transmission scheme for evacuation of 4.5GW RE injection at Khavda PS under Phase II- Part C,2025-09-01,8.0,8.093442630039375,1
611657,Transmission scheme for evacuation of 4.5GW RE injection at Khavda PS under Phase II- Part C,2025-10-01,9.0,10.392087750112514,1
611657,Transmission scheme for evacuation of 4.5GW RE injection at Khavda PS under Phase II- Part C,2025-11-01,9.0,11.116454235035114,1
611657,Transmission scheme for evacuation of 4.5GW RE injection at Khavda PS under Phase II- Part C,2025-12-01,10.0,11.29966520924609,1
611660,Establishment of Khavda Pooling Station-2 KPS2 in Khavda RE Park KPS2 TRANSMISSION SYSTEM LIMITED,2025-07-01,8.0,9.906066998260878,1
611660,Establishment of Khavda Pooling Station-2 KPS2 in Khavda RE Park KPS2 TRANSMISSION SYSTEM LIMITED,2025-08-01,10.0,10.62858131683131,1
611660,Establishment of Khavda Pooling Station-2 KPS2 in Khavda RE Park KPS2 TRANSMISSION SYSTEM LIMITED,2025-09-01,10.0,10.86472194472194,1
611660,Establishment of Khavda Pooling Station-2 KPS2 in Khavda RE Park KPS2 TRANSMISSION SYSTEM LIMITED,2025-10-01,11.0,12.52986559029207,1
611947,Transmission System for Evacuation of Power from REZ in Rajasthan 20GW under Phase III- Part E2,2025-07-01,3.0,5.876344685958466,1
611947,Transmission System for Evacuation of Power from REZ in Rajasthan 20GW under Phase III- Part E2,2025-08-01,6.0,6.138548970236278,1
611947,Transmission System for Evacuation of Power from REZ in Rajasthan 20GW under Phase III- Part E2,2025-09-01,6.0,6.8449732225835165,1
611947,Transmission System for Evacuation of Power from REZ in Rajasthan 20GW under Phase III- Part E2,2025-10-01,9.0,5.8810733227900425,1
611947,Transmission System for Evacuation of Power from REZ in Rajasthan 20GW under Phase III- Part E2,2025-11-01,9.0,6.765439925571506,1
611947,Transmission System for Evacuation of Power from REZ in Rajasthan 20GW under Phase III- Part E2,2025-12-01,9.0,7.482986339941444,1
611947,Transmission System for Evacuation of Power from REZ in Rajasthan 20GW under Phase III- Part E2,2026-01-01,9.0,10.011045710553063,1
611947,Transmission System for Evacuation of Power from REZ in Rajasthan 20GW under Phase III- Part E2,2026-02-01,9.0,10.656405404508345,1
611947,Transmission System for Evacuation of Power from REZ in Rajasthan 20GW under Phase III- Part E2,2026-03-01,12.0,10.836689619204323,1
611947,Transmission System for Evacuation of Power from REZ in Rajasthan 20GW under Phase III- Part E2,2026-04-01,12.0,12.475152917888218,1
611966,Transmission System for Evacuation of power from Potential RE Zone in Khavda Area of Gujarat under phase IV 7GW-Part E4,2025-07-01,4.0,6.060169665230425,1
611966,Transmission System for Evacuation of power from Potential RE Zone in Khavda Area of Gujarat under phase IV 7GW-Part E4,2025-08-01,5.0,7.150808377008841,1
611966,Transmission System for Evacuation of power from Potential RE Zone in Khavda Area of Gujarat under phase IV 7GW-Part E4,2025-09-01,5.0,7.561589345767751,1
611966,Transmission System for Evacuation of power from Potential RE Zone in Khavda Area of Gujarat under phase IV 7GW-Part E4,2025-10-01,8.0,7.659219509449387,1
611966,Transmission System for Evacuation of power from Potential RE Zone in Khavda Area of Gujarat under phase IV 7GW-Part E4,2025-11-01,8.0,7.254438031667909,1
611966,Transmission System for Evacuation of power from Potential RE Zone in Khavda Area of Gujarat under phase IV 7GW-Part E4,2025-12-01,8.0,7.881855012562836,1
611966,Transmission System for Evacuation of power from Potential RE Zone in Khavda Area of Gujarat under phase IV 7GW-Part E4,2026-01-01,8.0,7.109095139065726,1
611966,Transmission System for Evacuation of power from Potential RE Zone in Khavda Area of Gujarat under phase IV 7GW-Part E4,2026-02-01,8.0,9.99111590887326,1
611966,Transmission System for Evacuation of power from Potential RE Zone in Khavda Area of Gujarat under phase IV 7GW-Part E4,2026-03-01,9.0,10.670455817058757,1
611966,Transmission System for Evacuation of power from Potential RE Zone in Khavda Area of Gujarat under phase IV 7GW-Part E4,2026-04-01,9.0,10.833652101166802,1
611966,Transmission System for Evacuation of power from Potential RE Zone in Khavda Area of Gujarat under phase IV 7GW-Part E4,2026-05-01,10.0,12.471733846219148,1
611966,Transmission System for Evacuation of power from Potential RE Zone in Khavda Area of Gujarat under phase IV 7GW-Part E4,2026-06-01,10.0,13.647961077765265,1
617179,Transmission Scheme for evacuation of Power from Ratle HEP [850 MW] & kiru [624 MW] Part B,2025-09-01,8.0,-0.019004683082082464,1
617179,Transmission Scheme for evacuation of Power from Ratle HEP [850 MW] & kiru [624 MW] Part B,2025-10-01,8.0,-0.015893571970971354,1
617179,Transmission Scheme for evacuation of Power from Ratle HEP [850 MW] & kiru [624 MW] Part B,2026-01-01,8.0,0.021137868810469432,1
617179,Transmission Scheme for evacuation of Power from Ratle HEP [850 MW] & kiru [624 MW] Part B,2026-02-01,8.0,0.02998707515967578,1
617179,Transmission Scheme for evacuation of Power from Ratle HEP [850 MW] & kiru [624 MW] Part B,2026-03-01,11.0,0.09409827877087935,1
617179,Transmission Scheme for evacuation of Power from Ratle HEP [850 MW] & kiru [624 MW] Part B,2026-04-01,11.0,0.6543165604891612,1
617179,Transmission Scheme for evacuation of Power from Ratle HEP [850 MW] & kiru [624 MW] Part B,2026-05-01,11.0,4.743898425992079,1
617179,Transmission Scheme for evacuation of Power from Ratle HEP [850 MW] & kiru [624 MW] Part B,2026-06-01,11.0,5.922969348662461,1
617270,Eastern Region  Expansion Scheme-44 [ERES-44],2025-10-01,10.0,0.04727633477633477,1
617270,Eastern Region  Expansion Scheme-44 [ERES-44],2025-11-01,1.0,0.06281204906204906,1
617270,Eastern Region  Expansion Scheme-44 [ERES-44],2025-12-01,10.0,0.04887701187701188,1
617270,Eastern Region  Expansion Scheme-44 [ERES-44],2026-01-01,10.0,0.11017881192881193,1
617270,Eastern Region  Expansion Scheme-44 [ERES-44],2026-02-01,10.0,0.6412514892514894,1
617270,Eastern Region  Expansion Scheme-44 [ERES-44],2026-03-01,13.0,4.181297938373404,1
617270,Eastern Region  Expansion Scheme-44 [ERES-44],2026-04-01,13.0,5.1167636436920505,1
617270,Eastern Region  Expansion Scheme-44 [ERES-44],2026-05-01,13.0,5.599348564762265,1
617270,Eastern Region  Expansion Scheme-44 [ERES-44],2026-06-01,13.0,6.872152074705479,1
617326,Implementation of Transmission Systems in the State of Jharkhand consisting of 400/220/132/33 kV transmission lines and substations under Jharkhand Consultancy Project,2025-12-01,5.0,45.463000551521105,1
617326,Implementation of Transmission Systems in the State of Jharkhand consisting of 400/220/132/33 kV transmission lines and substations under Jharkhand Consultancy Project,2026-01-01,5.0,45.71819103016011,1
617326,Implementation of Transmission Systems in the State of Jharkhand consisting of 400/220/132/33 kV transmission lines and substations under Jharkhand Consultancy Project,2026-02-01,5.0,45.806518138237216,1
617326,Implementation of Transmission Systems in the State of Jharkhand consisting of 400/220/132/33 kV transmission lines and substations under Jharkhand Consultancy Project,2026-03-01,5.0,45.94072456460811,1
617326,Implementation of Transmission Systems in the State of Jharkhand consisting of 400/220/132/33 kV transmission lines and substations under Jharkhand Consultancy Project,2026-04-01,5.0,49.244484038121065,1
617326,Implementation of Transmission Systems in the State of Jharkhand consisting of 400/220/132/33 kV transmission lines and substations under Jharkhand Consultancy Project,2026-05-01,5.0,49.53032061167823,1
617326,Implementation of Transmission Systems in the State of Jharkhand consisting of 400/220/132/33 kV transmission lines and substations under Jharkhand Consultancy Project,2026-06-01,5.0,49.78523949317799,1
N18000306,TRANSMISSION SYSTEM STRENGTHENING SCHEME FOR EVACUATION OF POWER FROM SOLAR ENERGY ZONES IN RAJASTHA,2024-08-01,24.0,21.670633468240272,1
N18000306,TRANSMISSION SYSTEM STRENGTHENING SCHEME FOR EVACUATION OF POWER FROM SOLAR ENERGY ZONES IN RAJASTHA,2024-11-01,24.0,21.668432289789095,1
N18000353,ER WR TRANSMISSION LIMITED,2024-08-01,0.0,-0.06931884114624054,1
N18000353,ER WR TRANSMISSION LIMITED,2024-11-01,0.0,-0.003767762595161982,1
N18000353,ER WR TRANSMISSION LIMITED,2024-12-01,0.0,0.3134762896488903,1
N18000353,ER WR TRANSMISSION LIMITED,2025-01-01,0.0,2.349233427477237,1
N18000353,ER WR TRANSMISSION LIMITED,2025-02-01,0.0,2.6236226805816605,1
N18000353,ER WR TRANSMISSION LIMITED,2025-03-01,1.0,3.4502951312819734,1
N18000353,ER WR TRANSMISSION LIMITED,2025-04-01,2.0,4.465666895468365,1
N18000353,ER WR TRANSMISSION LIMITED,2025-05-01,3.0,5.049315317852081,1
N18000353,ER WR TRANSMISSION LIMITED,2025-06-01,3.0,5.467485661397425,1
N18000355,TRANSMISSION SYSTEM ASSOCIATED WITH WESTERN REGION EXPANSION SCHEME-XXVIII AND XXIX,2024-08-01,0.0,-0.03835804268544206,1
N18000355,TRANSMISSION SYSTEM ASSOCIATED WITH WESTERN REGION EXPANSION SCHEME-XXVIII AND XXIX,2024-09-01,0.0,-0.11030884188624131,1
N18000355,TRANSMISSION SYSTEM ASSOCIATED WITH WESTERN REGION EXPANSION SCHEME- XXVIII AND XXIX,2024-11-01,0.0,-0.5196937255211246,1
N18000355,TRANSMISSION SYSTEM ASSOCIATED WITH WESTERN REGION EXPANSION SCHEME- XXVIII AND XXIX,2024-12-01,0.0,-0.3572004135498716,1
N18000355,TRANSMISSION SYSTEM ASSOCIATED WITH WESTERN REGION EXPANSION SCHEME-XXVIII AND XXIX,2025-01-01,0.0,2.6725070319114455,1
N18000355,TRANSMISSION SYSTEM ASSOCIATED WITH WESTERN REGION EXPANSION SCHEME- XXVIII AND XXIX,2025-02-01,0.0,3.907237112016522,1
N18000355,TRANSMISSION SYSTEM ASSOCIATED WITH WESTERN REGION EXPANSION SCHEME- XXVIII AND XXIX,2025-03-01,0.0,4.107083827120588,1
N18000376,TS FOR EVACUATION POWER FROM REZ IN RAJASTHAN (20GW) UNDER PHASE-III PART B1,2024-08-01,0.0,-0.004607263107263109,1
N18000376,TS FOR EVACUATION POWER FROM REZ IN RAJASTHAN (20GW) UNDER PHASE-III PART B1,2024-11-01,0.0,0.02691249491249491,1
N18000376,TS FOR EVACUATION POWER FROM REZ IN RAJASTHAN (20GW) UNDER PHASE-III PART B1,2024-12-01,0.0,0.15268686868686865,1
N18000376,TS FOR EVACUATION POWER FROM REZ IN RAJASTHAN (20GW) UNDER PHASE-III PART B1,2025-01-01,0.0,0.7751534345284345,1
N18000376,TS FOR EVACUATION POWER FROM REZ IN RAJASTHAN (20GW) UNDER PHASE-III PART B1,2025-02-01,2.0,2.141273500378763,1
N18000376,TS FOR EVACUATION POWER FROM REZ IN RAJASTHAN (20GW) UNDER PHASE-III PART B1,2025-03-01,2.0,2.7423924800546313,1
N18000376,TS FOR EVACUATION POWER FROM REZ IN RAJASTHAN (20GW) UNDER PHASE-III PART B1,2025-04-01,4.0,3.4081292666168834,1
N18000376,TS FOR EVACUATION POWER FROM REZ IN RAJASTHAN (20GW) UNDER PHASE-III PART B1,2025-05-01,4.0,4.411553716350155,1
N18000376,TS FOR EVACUATION POWER FROM REZ IN RAJASTHAN (20GW) UNDER PHASE-III PART B1,2025-06-01,5.0,5.555093207832758,1
N18000391,TS FOR EVACUATION POWER FROM RAJASTHAN REZ PH-IV (PART-2:5.5GW) PART-B (JAISALMER/BARMER COMPLEX),2024-11-01,0.0,-0.31827414252414254,1
N18000391,TS FOR EVACUATION POWER FROM RAJASTHAN REZ PH-IV (PART-2:5.5GW) PART- B (JAISALMER/BARMER COMPLEX),2024-12-01,0.0,-0.13853965478965477,1
N18000391,TS FOR EVACUATION POWER FROM RAJASTHAN REZ PH-IV (PART-2:5.5GW) PART-B (JAISALMER/BARMER COMPLEX),2025-01-01,0.0,0.0,1
N18000391,TS FOR EVACUATION POWER FROM RAJASTHAN REZ PH-IV (PART-2:5.5GW) PART-B (JAISALMER/BARMER COMPLEX),2025-02-01,0.0,0.0,1
N18000391,TS FOR EVACUATION POWER FROM RAJASTHAN REZ PH-IV (PART-2:5.5GW) PART-B (JAISALMER/BARMER COMPLEX),2025-03-01,0.0,-0.005535714285714286,1
N18000391,TS FOR EVACUATION POWER FROM RAJASTHAN REZ PH-IV (PART-2:5.5GW) PART-B (JAISALMER/BARMER COMPLEX),2025-04-01,0.0,0.0,1
N18000391,TS FOR EVACUATION POWER FROM RAJASTHAN REZ PH-IV (PART-2:5.5GW) PART-B (JAISALMER/BARMER COMPLEX),2025-05-01,0.0,-0.012,1
N18000391,TS FOR EVACUATION POWER FROM RAJASTHAN REZ PH-IV (PART-2:5.5GW) PART-B (JAISALMER/BARMER COMPLEX),2025-06-01,0.0,-0.01926190476190476,1
608302,Transmission system for evacuation of Power from Pakaldul HEP in Chenab Valley HEPs - LTA System,2025-07-01,4.0,6.593364717970368,2
608302,Transmission system for evacuation of Power from Pakaldul HEP in Chenab Valley HEPs - LTA System,2025-08-01,5.0,6.969773933210463,2
608302,Transmission system for evacuation of Power from Pakaldul HEP in Chenab Valley HEPs - LTA System,2025-09-01,5.0,7.686595367223072,2
608302,Transmission system for evacuation of Power from Pakaldul HEP in Chenab Valley HEPs - LTA System,2025-10-01,7.0,8.534544311252901,2
611949,Transmission system for evacuation of power from REZ in Rajasthan 20 GW under Phase-III part C1,2025-07-01,6.0,6.7087724699048215,2
611949,Transmission system for evacuation of power from REZ in Rajasthan 20 GW under Phase-III part C1,2025-08-01,6.0,7.2685516803457935,2
611949,Transmission system for evacuation of power from REZ in Rajasthan 20 GW under Phase-III part C1,2025-09-01,11.0,7.6201025447863655,2
611949,Transmission system for evacuation of power from REZ in Rajasthan 20 GW under Phase-III part C1,2025-10-01,11.0,7.225982509363702,2
611949,Transmission system for evacuation of power from REZ in Rajasthan 20 GW under Phase-III part C1,2025-11-01,11.0,8.112781220785863,2
611949,Transmission system for evacuation of power from REZ in Rajasthan 20 GW under Phase-III part C1,2025-12-01,11.0,9.813913755305004,2
611949,Transmission system for evacuation of power from REZ in Rajasthan 20 GW under Phase-III part C1,2026-02-01,13.0,11.890212839333577,2
611949,Transmission system for evacuation of power from REZ in Rajasthan 20 GW under Phase-III part C1,2026-03-01,13.0,12.965799499677589,2
611950,Transmission system for evacuation of power from REZ in Rajasthan 20 GW under Phase-III part B1,2025-07-01,8.0,6.7249954228777735,2
611950,Transmission system for evacuation of power from REZ in Rajasthan 20 GW under Phase-III part B1,2025-08-01,8.0,7.343908502717321,2
611950,Transmission system for evacuation of power from REZ in Rajasthan 20 GW under Phase-III part B1,2025-09-01,8.0,6.835099940264412,2
611950,Transmission system for evacuation of power from REZ in Rajasthan 20 GW under Phase-III part B1,2025-10-01,8.0,7.27012348603409,2
611950,Transmission system for evacuation of power from REZ in Rajasthan 20 GW under Phase-III part B1,2025-11-01,8.0,8.207475370976914,2
611950,Transmission system for evacuation of power from REZ in Rajasthan 20 GW under Phase-III part B1,2025-12-01,9.0,10.08772610063941,2
611950,Transmission system for evacuation of power from REZ in Rajasthan 20 GW under Phase-III part B1,2026-01-01,10.0,11.111449220398907,2
617801,Provision of ICT Augmentation & Bus Reactor at Bhuj-II PS,2025-10-01,3.0,1.8509441010629097,2
617801,Provision of ICT Augmentation & Bus Reactor at Bhuj-II PS,2025-11-01,3.0,1.8531663232851319,2
617801,Provision of ICT Augmentation & Bus Reactor at Bhuj-II PS,2025-12-01,3.0,2.479054805173612,2
617801,Provision of ICT Augmentation & Bus Reactor at Bhuj-II PS,2026-01-01,3.0,2.484388138506945,2
617801,Provision of ICT Augmentation & Bus Reactor at Bhuj-II PS,2026-02-01,3.0,1.0881773435685975,2
617801,Provision of ICT Augmentation & Bus Reactor at Bhuj-II PS,2026-03-01,6.0,1.3231929113341658,2
617801,Provision of ICT Augmentation & Bus Reactor at Bhuj-II PS,2026-04-01,6.0,2.2391677148530866,2
617801,Provision of ICT Augmentation & Bus Reactor at Bhuj-II PS,2026-05-01,6.0,0.5204542263005886,2
617801,Provision of ICT Augmentation & Bus Reactor at Bhuj-II PS,2026-06-01,6.0,0.38740827225463437,2
900808,Transmission System for Kurnool Wind Energy Zone/ Solar Energy Zone  Part-A and Part-B,2025-07-01,13.0,10.517132787104538,2
900808,Transmission System for Kurnool Wind Energy Zone/ Solar Energy Zone  Part-A and Part-B,2025-08-01,13.0,11.128661786427655,2
900808,Transmission System for Kurnool Wind Energy Zone/ Solar Energy Zone  Part-A and Part-B,2025-09-01,13.0,11.983685799136648,2
900808,Transmission System for Kurnool Wind Energy Zone/ Solar Energy Zone  Part-A and Part-B,2025-10-01,14.0,12.811581253054932,2
900808,Transmission System for Kurnool Wind Energy Zone/ Solar Energy Zone  Part-A and Part-B,2025-11-01,14.0,13.283151747375427,2
900808,Transmission System for Kurnool Wind Energy Zone/ Solar Energy Zone  Part-A and Part-B,2025-12-01,16.0,15.19496489310769,2
900808,Transmission System for Kurnool Wind Energy Zone/ Solar Energy Zone  Part-A and Part-B,2026-01-01,16.0,17.39772513014734,2
900808,Transmission System for Kurnool Wind Energy Zone/ Solar Energy Zone  Part-A and Part-B,2026-02-01,16.0,18.852244668729956,2
900808,Transmission System for Kurnool Wind Energy Zone/ Solar Energy Zone  Part-A and Part-B,2026-03-01,18.0,20.12052413409032,2
900808,Transmission System for Kurnool Wind Energy Zone/ Solar Energy Zone  Part-A and Part-B,2026-04-01,18.0,20.519299923116105,2
900808,Transmission System for Kurnool Wind Energy Zone/ Solar Energy Zone  Part-A and Part-B,2026-05-01,18.0,20.723394652460836,2
N18000184,ESTABLISHMENT OF FIBER OPTIC COMMUNICATION SYSTEM IN NR UNDER FIBER OPTIC EXPANSION PROJECT (ADDITIO,2024-08-01,81.0,62.74053021953685,2
N18000184,ESTABLISHMENT OF FIBER OPTIC COMMUNICATION SYSTEM IN NR UNDER FIBER OPTIC EXPANSION PROJECT (ADDITIO,2024-11-01,81.0,63.017957778089404,2
N18000332,TRANSMISSION SYSTEM STRENGTHENING SCHEME FOR EVACUATION OF POWER FROM SOLAR ENERGY ZONES IN RAJASTHA,2024-08-01,13.0,10.810321293300778,2
N18000332,TRANSMISSION SYSTEM STRENGTHENING SCHEME FOR EVACUATION OF POWER FROM SOLAR ENERGY ZONES IN RAJASTHA,2024-12-01,16.0,15.358102843965447,2
N18000332,TRANSMISSION SYSTEM STRENGTHENING SCHEME FOR EVACUATION OF POWER FROM SOLAR ENERGY ZONES IN RAJASTHA,2025-01-01,16.0,17.576909333771937,2
N18000332,TRANSMISSION SYSTEM STRENGTHENING SCHEME FOR EVACUATION OF POWER FROM SOLAR ENERGY ZONES IN RAJASTHA,2025-02-01,18.0,19.403157887076226,2
N18000332,TRANSMISSION SYSTEM STRENGTHENING SCHEME FOR EVACUATION OF POWER FROM SOLAR ENERGY ZONES IN RAJASTHA,2025-03-01,18.0,20.20000898668469,2
N18000332,TRANSMISSION SYSTEM STRENGTHENING SCHEME FOR EVACUATION OF POWER FROM SOLAR ENERGY ZONES IN RAJASTHA,2025-04-01,21.0,20.75626388918959,2
N18000332,TRANSMISSION SYSTEM STRENGTHENING SCHEME FOR EVACUATION OF POWER FROM SOLAR ENERGY ZONES IN RAJASTHA,2025-05-01,21.0,21.014445682069915,2
N18000332,TRANSMISSION SYSTEM STRENGTHENING SCHEME FOR EVACUATION OF POWER FROM SOLAR ENERGY ZONES IN RAJASTHA,2025-06-01,22.0,21.065030350096535,2
N18000350,WESTERN REGION EXPANSION SCHEME XXV,2024-08-01,10.0,10.76601574563494,2
N18000350,WESTERN REGION EXPANSION SCHEME XXV,2024-09-01,14.0,11.840240698485664,2
N18000350,WESTERN REGION EXPANSION SCHEME XXV,2024-11-01,14.0,13.454812432307394,2
N18000350,WESTERN REGION EXPANSION SCHEME XXV,2024-12-01,15.0,15.130687006806966,2
N18000350,WESTERN REGION EXPANSION SCHEME XXV,2025-01-01,16.0,17.23709005746002,2
N18000350,WESTERN REGION EXPANSION SCHEME XXV,2025-02-01,16.0,18.540583779810945,2
N18000350,WESTERN REGION EXPANSION SCHEME XXV,2025-03-01,18.0,19.34057524667742,2
N18000350,WESTERN REGION EXPANSION SCHEME XXV,2025-04-01,19.0,19.593595476447653,2
N18000350,WESTERN REGION EXPANSION SCHEME XXV,2025-05-01,19.0,19.431294382632625,2
N18000350,WESTERN REGION EXPANSION SCHEME XXV,2025-06-01,21.0,19.5169735553118,2
N18000356,TRANSMISSION SYSTEM SCHEME FOR EVACUATION OF POWER FROM REZ RAJASTHAN (8.1 GW) UNDER PHASE-II PART,2024-08-01,3.0,5.243856232361264,2
N18000356,1346  TRANSMISSION SYSTEM SCHEME FOR EVACUATION OF POWER FROM REZ RAJASTHAN (8.1 GW) UNDER PHASE-II PART,2024-09-01,3.0,6.044275606688922,2
N18000356,TRANSMISSION SYSTEM SCHEME FOR EVACUATION OF POWER FROM REZ RAJASTHAN (8.1 GW) UNDER PHASE-II PART,2024-12-01,6.0,6.454065568418509,2
N18000356,TRANSMISSION SYSTEM SCHEME FOR EVACUATION OF POWER FROM REZ RAJASTHAN (8.1 GW) UNDER PHASE-II PART,2025-01-01,6.0,7.185893907290963,2
N18000356,TRANSMISSION SYSTEM SCHEME FOR EVACUATION OF POWER FROM REZ RAJASTHAN (8.1 GW) UNDER PHASE-II PART,2025-02-01,8.0,6.712877629451158,2
N18000356,TRANSMISSION SYSTEM SCHEME FOR EVACUATION OF POWER FROM REZ RAJASTHAN (8.1 GW) UNDER PHASE-II PART,2025-03-01,8.0,7.140576868708063,2
N18000356,TRANSMISSION SYSTEM SCHEME FOR EVACUATION OF POWER FROM REZ RAJASTHAN (8.1 GW) UNDER PHASE-II PART,2025-04-01,12.0,8.087950381146202,2
N18000356,TRANSMISSION SYSTEM SCHEME FOR EVACUATION OF POWER FROM REZ RAJASTHAN (8.1 GW) UNDER PHASE-II PART,2025-05-01,12.0,9.84942216181651,2
N18000356,TRANSMISSION SYSTEM SCHEME FOR EVACUATION OF POWER FROM REZ RAJASTHAN (8.1 GW) UNDER PHASE-II PART,2025-06-01,12.0,10.780664468643952,2
N18000377,TS FOR EVACUATION OF 7GW RE INJECTION AT KHAVDA PS UNDER PHASE-IV PART E4,2024-09-01,0.0,3.0784357196381187,2
N18000377,TS FOR EVACUATION OF 7GW RE INJECTION AT KHAVDA PS UNDER PHASE-IV PART E4,2024-11-01,0.0,3.2364327654343157,2
N18000377,TS FOR EVACUATION OF 7GW RE INJECTION AT KHAVDA PS UNDER PHASE-IV PART E4,2024-12-01,0.0,1.6713663286604465,2
N18000377,TS FOR EVACUATION OF 7GW RE INJECTION AT KHAVDA PS UNDER PHASE-IV PART E4,2025-01-01,0.0,1.8138581516522698,2
N18000377,TS FOR EVACUATION OF 7GW RE INJECTION AT KHAVDA PS UNDER PHASE-IV PART E4,2025-02-01,0.0,2.8479427312883208,2
N18000377,TS FOR EVACUATION OF 7GW RE INJECTION AT KHAVDA PS UNDER PHASE-IV PART E4,2025-03-01,0.0,3.56223559147824,2
N18000377,TS FOR EVACUATION OF 7GW RE INJECTION AT KHAVDA PS UNDER PHASE-IV PART E4,2025-04-01,2.0,4.044133351125998,2
N18000377,TS FOR EVACUATION OF 7GW RE INJECTION AT KHAVDA PS UNDER PHASE- IV PART E4,2025-05-01,2.0,6.661160944691131,2
N18000377,TS FOR EVACUATION OF 7GW RE INJECTION AT KHAVDA PS UNDER PHASE-IV PART E4,2025-06-01,4.0,6.608098174128359,2
N18000392,TS FOR EVACUATION POWER RAJASTHAN REZ PH-IV (PART- 2:5.5GW) (JAISALMER/BARMER COMPLEX): PART-C,2024-11-01,0.0,1.6070016947849768,2
N18000392,TS FOR EVACUATION POWER RAJASTHAN REZ PH-IV (PART-2:5.5GW) (JAISALMER/BARMER COMPLEX): PART-C,2024-12-01,0.0,0.007292929292929293,2
N18000392,TS FOR EVACUATION POWER RAJASTHAN REZ PH-IV (PART-2:5.5GW) (JAISALMER/BARMER COMPLEX): PART- C,2025-01-01,0.0,0.007292929292929293,2
N18000392,TS FOR EVACUATION POWER RAJASTHAN REZ PH-IV (PART- 2:5.5GW) (JAISALMER/BARMER COMPLEX): PART-C,2025-02-01,0.0,0.007292929292929293,2
N18000392,TS FOR EVACUATION POWER RAJASTHAN REZ PH-IV (PART- 2:5.5GW) (JAISALMER/BARMER COMPLEX): PART-C,2025-03-01,0.0,-0.02820815295815295,2
N18000392,TS FOR EVACUATION POWER RAJASTHAN REZ PH-IV (PART- 2:5.5GW) (JAISALMER/BARMER COMPLEX): PART-C,2025-04-01,0.0,-0.024936507936507937,2
N18000392,TS FOR EVACUATION POWER RAJASTHAN REZ PH-IV (PART-2:5.5GW) (JAISALMER/BARMER COMPLEX): PART-C,2025-05-01,0.0,-0.013666666666666666,2
N18000392,TS FOR EVACUATION POWER RAJASTHAN REZ PH-IV (PART-2:5.5GW) (JAISALMER/BARMER COMPLEX): PART- C,2025-06-01,0.0,0.013817460317460315,2
N18000397,TRANSMISSION SYSTEM STRENGTHENING FOR INTERCONNECTIONS OF BHADLA-III AND BIKANER III COMPLEX [SPV NA,2025-02-01,0.0,0.04095238095238095,2
N18000397,TRANSMISSION SYSTEM STRENGTHENING FOR INTERCONNECTIONS OF BHADLA- III AND BIKANER III COMPLEX [SPV NA,2025-03-01,0.0,0.052619047619047614,2
N18000397,TRANSMISSION SYSTEM STRENGTHENING FOR INTERCONNECTIONS OF BHADLA-III AND BIKANER III COMPLEX [SPV NA,2025-04-01,0.0,0.05373015873015873,2
N18000397,TRANSMISSION SYSTEM STRENGTHENING FOR INTERCONNECTIONS OF BHADLA-III AND BIKANER III COMPLEX [SPV NA,2025-05-01,0.0,0.10370791245791246,2
N18000397,TRANSMISSION SYSTEM STRENGTHENING FOR INTERCONNECTIONS OF BHADLA-III AND BIKANER III COMPLEX [SPV NA,2025-06-01,0.0,0.11287183187183183,2
N18000402,PROVISION OF DYNAMIC REACTIVE COMPENSATION AT KHAVDA POOLING STATION 1 [KPS1] AND KHAVDA POOLING STA,2025-02-01,-6.0,0.1406125679589301,2
N18000402,PROVISION OF DYNAMIC REACTIVE COMPENSATION AT KHAVDA POOLING STATION 1 [KPS1] AND KHAVDA POOLING STA,2025-03-01,0.0,0.04240519203019204,2
N18000402,PROVISION OF DYNAMIC REACTIVE COMPENSATION AT KHAVDA POOLING STATION 1 [KPS1] AND KHAVDA POOLING STA,2025-04-01,0.0,0.04240519203019204,2
N18000402,PROVISION OF DYNAMIC REACTIVE COMPENSATION AT KHAVDA POOLING STATION 1 [KPS1] AND KHAVDA POOLING STA,2025-05-01,0.0,0.04240519203019204,2
N18000402,PROVISION OF DYNAMIC REACTIVE COMPENSATION AT KHAVDA POOLING STATION 1 [KPS1] AND KHAVDA POOLING STA,2025-06-01,0.0,0.2712350658600658,2
606781,Transmission System for Strengthening of Srinagar-Leh Tr. System,2025-07-01,9.0,8.918698863500326,3
606781,Transmission System for Strengthening of Srinagar-Leh Tr. System,2025-08-01,10.0,9.71273401893682,3
606781,Transmission System for Strengthening of Srinagar-Leh Tr. System,2025-09-01,10.0,10.478652320435236,3
606781,Transmission System for Strengthening of Srinagar-Leh Tr. System,2025-10-01,11.0,11.250930184384151,3
607709,NORTH EASTERN REGION POWER SYSTEM IMPROVEMENT PROJECT [NERPSIP],2025-07-01,81.0,77.99786101411485,3
607709,NORTH EASTERN REGION POWER SYSTEM IMPROVEMENT PROJECT [NERPSIP],2025-08-01,84.0,77.99786101411485,3
607709,NORTH EASTERN REGION POWER SYSTEM IMPROVEMENT PROJECT [NERPSIP],2025-09-01,84.0,77.99786101411485,3
607709,NORTH EASTERN REGION POWER SYSTEM IMPROVEMENT PROJECT [NERPSIP],2025-10-01,87.0,77.99786101411485,3
607709,NORTH EASTERN REGION POWER SYSTEM IMPROVEMENT PROJECT [NERPSIP],2025-11-01,87.0,77.99786101411485,3
607709,NORTH EASTERN REGION POWER SYSTEM IMPROVEMENT PROJECT [NERPSIP],2025-12-01,87.0,77.99786101411485,3
607709,NORTH EASTERN REGION POWER SYSTEM IMPROVEMENT PROJECT [NERPSIP],2026-01-01,87.0,77.99786101411485,3
607709,NORTH EASTERN REGION POWER SYSTEM IMPROVEMENT PROJECT [NERPSIP],2026-02-01,87.0,77.98986101411485,3
612139,Transmission system for Evacuation of Additional 7 GW RE power from Khavda RE park under Phase-III Part B [Vataman Transmission Limited],2025-07-01,6.0,3.5639649569413496,3
612139,Transmission system for Evacuation of Additional 7 GW RE power from Khavda RE park under Phase-III Part B [Vataman Transmission Limited],2025-08-01,6.0,3.5862330314594244,3
612139,Transmission system for Evacuation of Additional 7 GW RE power from Khavda RE park under Phase-III Part B [Vataman Transmission Limited],2025-09-01,12.0,3.6430815533079475,3
612139,Transmission system for Evacuation of Additional 7 GW RE power from Khavda RE park under Phase-III Part B [Vataman Transmission Limited],2025-10-01,12.0,4.771698661417706,3
612139,Transmission system for Evacuation of Additional 7 GW RE power from Khavda RE park under Phase-III Part B [Vataman Transmission Limited],2025-11-01,12.0,6.272634112633727,3
612139,Transmission system for Evacuation of Additional 7 GW RE power from Khavda RE park under Phase-III Part B [Vataman Transmission Limited],2025-12-01,12.0,6.738991562101471,3
612139,Transmission system for Evacuation of Additional 7 GW RE power from Khavda RE park under Phase-III Part B [Vataman Transmission Limited],2026-01-01,12.0,8.319924997946664,3
612139,Transmission system for Evacuation of Additional 7 GW RE power from Khavda RE park under Phase-III Part B [Vataman Transmission Limited],2026-02-01,12.0,8.865149681473207,3
612139,Transmission system for Evacuation of Additional 7 GW RE power from Khavda RE park under Phase-III Part B [Vataman Transmission Limited],2026-03-01,12.0,9.299883776354363,3
N18000300,TRANSMISSION SYSTEM STRENGTHENING SCHEME FOR EVACUATION OF POWER FROM SOLAR ENERGY ZONES IN RAJASTHA,2024-08-01,23.0,21.434617159800972,3
N18000331,TRANSMISSION SYSTEM STRENGTHENING SCHEME FOR EVACUATION OF POWER FROM SOLAR ENERGY ZONES IN RAJASTHA,2024-08-01,15.0,12.061908432443277,3
N18000331,TRANSMISSION SYSTEM STRENGTHENING SCHEME FOR EVACUATION OF POWER FROM SOLAR ENERGY ZONES IN RAJASTHA,2024-11-01,18.0,15.832914045821166,3
N18000331,TRANSMISSION SYSTEM STRENGTHENING SCHEME FOR EVACUATION OF POWER FROM SOLAR ENERGY ZONES IN RAJASTHA,2025-01-01,18.0,18.303260319172836,3
N18000331,TRANSMISSION SYSTEM STRENGTHENING SCHEME FOR EVACUATION OF POWER FROM SOLAR ENERGY ZONES IN RAJASTHA,2025-02-01,20.0,19.96279478794338,3
N18000331,TRANSMISSION SYSTEM STRENGTHENING SCHEME FOR EVACUATION OF POWER FROM SOLAR ENERGY ZONES IN RAJASTHA,2025-03-01,20.0,20.443591500490097,3
N18000331,TRANSMISSION SYSTEM STRENGTHENING SCHEME FOR EVACUATION OF POWER FROM SOLAR ENERGY ZONES IN RAJASTHA,2025-04-01,21.0,21.300013985197797,3
N18000331,TRANSMISSION SYSTEM STRENGTHENING SCHEME FOR EVACUATION OF POWER FROM SOLAR ENERGY ZONES IN RAJASTHA,2025-05-01,22.0,21.42461715980097,3
N18000331,TRANSMISSION SYSTEM STRENGTHENING SCHEME FOR EVACUATION OF POWER FROM SOLAR ENERGY ZONES IN RAJASTHA,2025-06-01,23.0,21.39364493757875,3
N18000351,EASTERN REGION EXPANSION SCHEME XXIX,2024-08-01,0.0,-0.3111782193841016,3
N18000351,EASTERN REGION EXPANSION SCHEME XXIX,2024-11-01,0.0,-0.28738128483716713,3
N18000351,EASTERN REGION EXPANSION SCHEME XXIX,2024-12-01,0.0,-0.3164659409218232,3
N18000351,EASTERN REGION EXPANSION SCHEME XXIX,2025-01-01,0.0,-0.36007945703533933,3
N18000351,EASTERN REGION EXPANSION SCHEME XXIX,2025-02-01,0.0,-0.47399764995353216,3
N18000351,EASTERN REGION EXPANSION SCHEME XXIX,2025-03-01,0.0,-0.576579901035783,3
N18000351,EASTERN REGION EXPANSION SCHEME XXIX,2025-04-01,0.0,-0.612452916908799,3
N18000351,EASTERN REGION EXPANSION SCHEME XXIX,2025-05-01,-5.0,-0.6447465677024499,3
N18000351,EASTERN REGION EXPANSION SCHEME XXIX,2025-06-01,-4.0,-0.7571237275796101,3
N18000361,"KHAVDA PHASE-II-PART C, GUJARAT- TRANSMISSION SCHEME FOR EVACUATION OF 4.5 GW RE INJECTION AT KHAVDA",2024-08-01,0.0,0.1356358826358826,3
N18000361,"KHAVDA PHASE-II-PART C, GUJARAT- TRANSMISSION SCHEME FOR EVACUATION OF 4.5 GW RE INJECTION AT KHAVDA",2024-09-01,0.0,0.1737951215451215,3
N18000361,"KHAVDA PHASE-II-PART C, GUJARAT- TRANSMISSION SCHEME FOR EVACUATION OF 4.5 GW RE INJECTION AT KHAVDA",2024-11-01,0.0,3.6456273963537904,3
N18000361,"KHAVDA PHASE-II-PART C, GUJARAT- TRANSMISSION SCHEME FOR EVACUATION OF 4.5 GW RE INJECTION AT KHAVDA",2024-12-01,0.0,3.9006414841178776,3
N18000361,"KHAVDA PHASE-II-PART C, GUJARAT- TRANSMISSION SCHEME FOR EVACUATION OF 4.5 GW RE INJECTION AT KHAVDA",2025-01-01,1.0,5.585835984334435,3
N18000361,"KHAVDA PHASE-II-PART C, GUJARAT- TRANSMISSION SCHEME FOR EVACUATION OF 4.5 GW RE INJECTION AT KHAVDA",2025-02-01,3.0,6.367225013004425,3
N18000361,"KHAVDA PHASE-II-PART C, GUJARAT- TRANSMISSION SCHEME FOR EVACUATION OF 4.5 GW RE INJECTION AT KHAVDA",2025-03-01,3.0,6.941046072935778,3
N18000361,"KHAVDA PHASE-II-PART C, GUJARAT- TRANSMISSION SCHEME FOR EVACUATION OF 4.5 GW RE INJECTION AT KHAVDA",2025-04-01,3.0,8.309752460230397,3
N18000361,"KHAVDA PHASE-II-PART C, GUJARAT- TRANSMISSION SCHEME FOR EVACUATION OF 4.5 GW RE INJECTION AT KHAVDA",2025-05-01,6.0,8.994160608454726,3
N18000361,"KHAVDA PHASE-II-PART C, GUJARAT- TRANSMISSION SCHEME FOR EVACUATION OF 4.5 GW RE INJECTION AT KHAVDA",2025-06-01,6.0,9.491226651888416,3
N18000374,TS FOR EVACUATION POWER FROM REZ IN RAJASTHAN (20GW) UNDER PHASE-III PART H,2024-08-01,0.0,0.17890626868258447,3
N18000374,TS FOR EVACUATION POWER FROM REZ IN RAJASTHAN (20GW) UNDER PHASE-III PART H,2024-11-01,0.0,0.12490724918356498,3
N18000374,TS FOR EVACUATION POWER FROM REZ IN RAJASTHAN (20GW) UNDER PHASE-III PART H,2024-12-01,0.0,0.21914573063102472,3
N18000374,TS FOR EVACUATION POWER FROM REZ IN RAJASTHAN (20GW) UNDER PHASE-III PART H,2025-01-01,0.0,0.5655076924709278,3
N18000374,TS FOR EVACUATION POWER FROM REZ IN RAJASTHAN (20GW) UNDER PHASE-III PART H,2025-02-01,1.0,2.4866907928672624,3
N18000374,TS FOR EVACUATION POWER FROM REZ IN RAJASTHAN (20GW) UNDER PHASE-III PART H,2025-03-01,1.0,3.226456250448897,3
N18000374,TS FOR EVACUATION POWER FROM REZ IN RAJASTHAN (20GW) UNDER PHASE-III PART H,2025-04-01,4.0,3.6165917190108385,3
N18000374,TS FOR EVACUATION POWER FROM REZ IN RAJASTHAN (20GW) UNDER PHASE-III PART H,2025-05-01,4.0,4.625274284266934,3
N18000374,TS FOR EVACUATION POWER FROM REZ IN RAJASTHAN (20GW) UNDER PHASE-III PART H,2025-06-01,4.0,4.895036657042078,3
N18000388,"TS FOR SOLAR ENERGY ZONE IN BIDAR (2500MW), KARNATAKA [BIDAR TRANSMISSION LTD]",2024-08-01,0.0,-0.2447310282310282,3
N18000388,"TS FOR SOLAR ENERGY ZONE IN BIDAR (2500MW), KARNATAKA [BIDAR TRANSMISSION LTD]",2024-09-01,0.0,-0.18316082066082062,3
N18000388,"TS FOR SOLAR ENERGY ZONE IN BIDAR (2500MW), KARNATAKA [BIDAR TRANSMISSION LTD]",2024-11-01,0.0,0.0,3
N18000388,"TS FOR SOLAR ENERGY ZONE IN BIDAR (2500MW), KARNATAKA [BIDAR TRANSMISSION LTD]",2024-12-01,0.0,0.0,3
N18000388,"TS FOR SOLAR ENERGY ZONE IN BIDAR (2500MW), KARNATAKA [BIDAR TRANSMISSION LTD]",2025-01-01,0.0,0.0,3
N18000388,"TS FOR SOLAR ENERGY ZONE IN BIDAR (2500MW), KARNATAKA [BIDAR TRANSMISSION LTD]",2025-02-01,0.0,0.0,3
N18000388,"TS FOR SOLAR ENERGY ZONE IN BIDAR (2500MW), KARNATAKA [BIDAR TRANSMISSION LTD]",2025-03-01,0.0,0.002261904761904762,3
N18000388,"TS FOR SOLAR ENERGY ZONE IN BIDAR (2500MW), KARNATAKA [BIDAR TRANSMISSION LTD]",2025-04-01,0.0,0.011631034657350447,3
N18000388,"TS FOR SOLAR ENERGY ZONE IN BIDAR (2500MW), KARNATAKA [BIDAR TRANSMISSION LTD]",2025-05-01,0.0,0.9975297329089898,3
N18000388,"TS FOR SOLAR ENERGY ZONE IN BIDAR (2500MW), KARNATAKA [BIDAR TRANSMISSION LTD]",2025-06-01,0.0,1.1024212673005236,3
N18000390,TS FOR EVACUATION OF POWER FROM 7GW REZ IN KHAVDA AREA UNDER PHASE-IV PART E2,2024-09-01,0.0,0.6059678099678099,3
N18000390,TS FOR EVACUATION OF POWER FROM 7GW REZ IN KHAVDA AREA UNDER PHASE-IV PART E2,2024-11-01,0.0,0.7095480167980166,3
N18000390,TS FOR EVACUATION OF POWER FROM 7GW REZ IN KHAVDA AREA UNDER PHASE-IV PART E2,2024-12-01,0.0,-0.16085189810189804,3
N18000390,TS FOR EVACUATION OF POWER FROM 7GW REZ IN KHAVDA AREA UNDER PHASE-IV PART E2,2025-01-01,0.0,-0.14939951714951707,3
N18000390,TS FOR EVACUATION OF POWER FROM 7GW REZ IN KHAVDA AREA UNDER PHASE-IV PART E2,2025-02-01,0.0,-0.13733205683205674,3
N18000390,TS FOR EVACUATION OF POWER FROM 7GW REZ IN KHAVDA AREA UNDER PHASE-IV PART E2,2025-03-01,0.0,-0.10513364413364415,3
N18000390,TS FOR EVACUATION OF POWER FROM 7GW REZ IN KHAVDA AREA UNDER PHASE-IV PART E2,2025-04-01,0.0,-0.09037173937173938,3
N18000390,TS FOR EVACUATION OF POWER FROM 7GW REZ IN KHAVDA AREA UNDER PHASE- IV PART E2,2025-05-01,0.0,-0.022093674843674846,3
N18000390,TS FOR EVACUATION OF POWER FROM 7GW REZ IN KHAVDA AREA UNDER PHASE-IV PART E2,2025-06-01,-3.0,-0.015022967772967775,3
N18000396,ADDITIONAL TRANSMISSION SYSTEM FOR EVACUATION OF POWER FROM BHADLA-III PS AS PART OF RAJASTHAN REZ P,2025-02-01,0.0,0.9545041625041629,3
N18000396,ADDITIONAL TRANSMISSION SYSTEM FOR EVACUATION OF POWER FROM BHADLA-III PS AS PART OF RAJASTHAN REZ P,2025-03-01,0.0,0.9866331307581313,3
N18000396,ADDITIONAL TRANSMISSION SYSTEM FOR EVACUATION OF POWER FROM BHADLA-III PS AS PART OF RAJASTHAN REZ P,2025-04-01,0.0,1.1376579022829028,3
N18000396,ADDITIONAL TRANSMISSION SYSTEM FOR EVACUATION OF POWER FROM BHADLA-III PS AS PART OF RAJASTHAN REZ P,2025-05-01,0.0,1.3921896205646216,3
N18000396,ADDITIONAL TRANSMISSION SYSTEM FOR EVACUATION OF POWER FROM BHADLA-III PS AS PART OF RAJASTHAN REZ P,2025-06-01,0.0,1.4577105677546853,3
N18000399,TRANSMISSION SYSTEM FOR EVACUATION OF POWER FROM RAJASTHAN REZ PH-IV [PART-2 5.5GW] [JAISALMER/BARME,2025-01-01,0.0,0.3713453028453028,3
N18000399,TRANSMISSION SYSTEM FOR EVACUATION OF POWER FROM RAJASTHAN REZ PH-IV [PART-2 5.5GW] [JAISALMER/BARME,2025-02-01,0.0,0.3555119695119695,3
N18000399,TRANSMISSION SYSTEM FOR EVACUATION OF POWER FROM RAJASTHAN REZ PH-IV [PART-2 5.5GW] [JAISALMER/BARME,2025-03-01,0.0,0.44709638509638516,3
N18000399,TRANSMISSION SYSTEM FOR EVACUATION OF POWER FROM RAJASTHAN REZ PH-IV [PART-2 5.5GW] [JAISALMER/BARME,2025-04-01,0.0,0.03725518925518927,3
N18000399,TRANSMISSION SYSTEM FOR EVACUATION OF POWER FROM RAJASTHAN REZ PH-IV [PART-2 5.5GW] [JAISALMER/BARME,2025-05-01,0.0,0.0954920634920635,3
N18000399,TRANSMISSION SYSTEM FOR EVACUATION OF POWER FROM RAJASTHAN REZ PH-IV [PART-2 5.5GW] [JAISALMER/BARME,2025-06-01,0.0,0.09749206349206352,3
N18000400,TRANSMISSION SYSTEM FOR EVACUATION OF POWER FROM POTENTIAL RENEWABLE ENERGY ZONE IN KHAVDA AREA OF G,2025-01-01,0.0,0.3713453028453028,3
N18000400,TRANSMISSION SYSTEM FOR EVACUATION OF POWER FROM POTENTIAL RENEWABLE ENERGY ZONE IN KHAVDA AREA OF G,2025-02-01,0.0,0.3713453028453028,3
N18000400,TRANSMISSION SYSTEM FOR EVACUATION OF POWER FROM POTENTIAL RENEWABLE ENERGY ZONE IN KHAVDA AREA OF G,2025-03-01,0.0,0.44709638509638516,3
N18000400,TRANSMISSION SYSTEM FOR EVACUATION OF POWER FROM POTENTIAL RENEWABLE ENERGY ZONE IN KHAVDA AREA OF G,2025-04-01,0.0,0.1344000166500166,3
N18000400,TRANSMISSION SYSTEM FOR EVACUATION OF POWER FROM POTENTIAL RENEWABLE ENERGY ZONE IN KHAVDA AREA OF G,2025-05-01,0.0,0.0954920634920635,3
N18000400,TRANSMISSION SYSTEM FOR EVACUATION OF POWER FROM POTENTIAL RENEWABLE ENERGY ZONE IN KHAVDA AREA OF G,2025-06-01,0.0,0.09749206349206352,3
N18000408,TRANSMISSION SYSTEM UNDER ISTS FOR EVACUATION OF POWER FROM KUDANKULAM UNIT - 3 AND 4 (2X1000 MW),2025-06-01,0.0,0.9502061087061082,3
611967,Transmission Scheme for Solar Energy Zone in Ananthpuram 2500MW and Kurnool 1000MW,2025-07-01,7.0,1.1128480998848644,4
611967,Transmission Scheme for Solar Energy Zone in Ananthpuram 2500MW and Kurnool 1000MW,2025-08-01,7.0,1.587879324379324,4
611967,Transmission Scheme for Solar Energy Zone in Ananthpuram 2500MW and Kurnool 1000MW,2025-09-01,6.0,2.034188131642466,4
611967,Transmission Scheme for Solar Energy Zone in Ananthpuram 2500MW and Kurnool 1000MW,2025-10-01,6.0,3.6005268952180716,4
611967,Transmission Scheme for Solar Energy Zone in Ananthpuram 2500MW and Kurnool 1000MW,2025-11-01,6.0,5.035063187572092,4
611967,Transmission Scheme for Solar Energy Zone in Ananthpuram 2500MW and Kurnool 1000MW,2025-12-01,6.0,6.091400804246784,4
611967,Transmission Scheme for Solar Energy Zone in Ananthpuram 2500MW and Kurnool 1000MW,2026-01-01,6.0,6.435171611655748,4
611967,Transmission Scheme for Solar Energy Zone in Ananthpuram 2500MW and Kurnool 1000MW,2026-02-01,6.0,6.847753299933642,4
611967,Transmission Scheme for Solar Energy Zone in Ananthpuram 2500MW and Kurnool 1000MW,2026-03-01,7.0,7.179619478131088,4
617269,Transmission System for Strengthening to facilitate evacuation of power from Bhadla/Bikaner Complex,2026-06-01,6.0,5.981072559412266,4
619029,Transmission System for Reliable Power Supply to Dholera,2026-02-01,6.0,5.206153498081434,4
619029,Transmission System for Reliable Power Supply to Dholera,2026-03-01,9.0,4.931821426830246,4
619029,Transmission System for Reliable Power Supply to Dholera,2026-04-01,9.0,5.649158401783404,4
619029,Transmission System for Reliable Power Supply to Dholera,2026-05-01,9.0,6.349535838888782,4
619029,Transmission System for Reliable Power Supply to Dholera,2026-06-01,9.0,7.241095917426805,4
N18000307,TRANSMISSION SYSTEM STRENGTHENING SCHEME FOR EVACUATION OF POWER FROM SOLAR ENERGY ZONES IN RAJASTHA,2024-08-01,24.0,21.81909553436759,4
N18000307,TRANSMISSION SYSTEM STRENGTHENING SCHEME FOR EVACUATION OF POWER FROM SOLAR ENERGY ZONES IN RAJASTHA,2024-11-01,22.0,21.81909553436759,4
N18000330,TRANSMISSION SYSTEM STRENGTHENING FOR SRINAGAR-LEH TRANSMISSION SYSTEM,2024-11-01,9.0,2.024353775853775,4
N18000330,TRANSMISSION SYSTEM STRENGTHENING FOR SRINAGAR-LEH TRANSMISSION SYSTEM,2024-12-01,9.0,2.305352461536285,4
N18000330,TRANSMISSION SYSTEM STRENGTHENING FOR SRINAGAR-LEH TRANSMISSION SYSTEM,2025-01-01,9.0,4.019292752182458,4
N18000330,TRANSMISSION SYSTEM STRENGTHENING FOR SRINAGAR-LEH TRANSMISSION SYSTEM,2025-02-01,7.0,5.60275828229505,4
N18000330,TRANSMISSION SYSTEM STRENGTHENING FOR SRINAGAR-LEH TRANSMISSION SYSTEM,2025-03-01,7.0,6.887211908920123,4
N18000330,TRANSMISSION SYSTEM STRENGTHENING FOR SRINAGAR-LEH TRANSMISSION SYSTEM,2025-04-01,7.0,7.353566915841304,4
N18000330,TRANSMISSION SYSTEM STRENGTHENING FOR SRINAGAR-LEH TRANSMISSION SYSTEM,2025-05-01,7.0,7.932352109219757,4
N18000330,TRANSMISSION SYSTEM STRENGTHENING FOR SRINAGAR-LEH TRANSMISSION SYSTEM,2025-06-01,9.0,8.221667666712946,4
N18000338,TRANSMISSION NETWORK EXPANSION IN GUJARAT TO INCREASE ATC FROM ISTS: PART C,2024-08-01,0.0,2.9010949817010188,4
N18000338,TRANSMISSION NETWORK EXPANSION IN GUJARAT TO INCREASE ATC FROM ISTS: PART C,2024-11-01,0.0,2.8444265831061486,4
N18000338,TRANSMISSION NETWORK EXPANSION IN GUJARAT TO INCREASE ATC FROM ISTS: PART C,2024-12-01,0.0,2.5870104077782083,4
N18000338,TRANSMISSION NETWORK EXPANSION IN GUJARAT TO INCREASE ATC FROM ISTS: PART C,2025-01-01,0.0,2.4227640893964413,4
N18000338,TRANSMISSION NETWORK EXPANSION IN GUJARAT TO INCREASE ATC FROM ISTS: PART C,2025-02-01,0.0,2.436658638746873,4
N18000338,TRANSMISSION NETWORK EXPANSION IN GUJARAT TO INCREASE ATC FROM ISTS: PART C,2025-03-01,0.0,2.6461913413383993,4
N18000343,SYSTEM STRENGTHENING SCHEME FOR EASTERN AND NORTH EASTERN REGION,2024-08-01,0.0,-0.10589795553030845,4
N18000343,SYSTEM STRENGTHENING SCHEME FOR EASTERN AND NORTH EASTERN REGION,2024-11-01,0.0,-0.1778333335051602,4
N18000343,SYSTEM STRENGTHENING SCHEME FOR EASTERN AND NORTH EASTERN REGION,2024-12-01,0.0,-0.10713383855566512,4
N18000343,SYSTEM STRENGTHENING SCHEME FOR EASTERN AND NORTH EASTERN REGION,2025-01-01,0.0,-0.045604192276018904,4
N18000343,SYSTEM STRENGTHENING SCHEME FOR EASTERN AND NORTH EASTERN REGION,2025-02-01,0.0,-0.16551592868775544,4
N18000343,SYSTEM STRENGTHENING SCHEME FOR EASTERN AND NORTH EASTERN REGION,2025-03-01,0.0,-0.34675340563575857,4
N18000343,SYSTEM STRENGTHENING SCHEME FOR EASTERN AND NORTH EASTERN REGION,2025-04-01,0.0,-0.345180767489591,4
N18000343,SYSTEM STRENGTHENING SCHEME FOR EASTERN AND NORTH EASTERN REGION,2025-05-01,-4.0,-0.4025292800881036,4
N18000343,SYSTEM STRENGTHENING SCHEME FOR EASTERN AND NORTH EASTERN REGION,2025-06-01,-4.0,-0.28648535941182995,4
N18000354,TRANSMISSION SYSTEM ASSOCIATED WITH WESTERN REGION EXPANSION SCHEME XXVII,2024-08-01,1.0,2.2538419383677897,4
N18000354,TRANSMISSION SYSTEM ASSOCIATED WITH WESTERN REGION EXPANSION SCHEME XXVII,2024-09-01,3.0,2.61117906284462,4
N18000354,TRANSMISSION SYSTEM ASSOCIATED WITH WESTERN REGION EXPANSION SCHEME XXVII,2024-11-01,4.0,5.18056294214615,4
N18000354,TRANSMISSION SYSTEM ASSOCIATED WITH WESTERN REGION EXPANSION SCHEME XXVII,2024-12-01,5.0,6.414241686146101,4
N18000354,TRANSMISSION SYSTEM ASSOCIATED WITH WESTERN REGION EXPANSION SCHEME XXVII,2025-01-01,5.0,6.837421675546678,4
N18000354,TRANSMISSION SYSTEM ASSOCIATED WITH WESTERN REGION EXPANSION SCHEME XXVII,2025-02-01,7.0,7.875193300564818,4
N18000354,TRANSMISSION SYSTEM ASSOCIATED WITH WESTERN REGION EXPANSION SCHEME XXVII,2025-03-01,6.0,8.424902472799529,4
N18000360,"KHAVDA PHASE-II-PART B, GUJARAT- TRANSMISSION SCHEME FOR EVACUATION OF 4.5 GW RE INJECTION AT KHAVDA",2024-08-01,0.0,0.05907238295473589,4
N18000360,"KHAVDA PHASE-II-PART B, GUJARAT- TRANSMISSION SCHEME FOR EVACUATION OF 4.5 GW RE INJECTION AT KHAVDA",2024-09-01,0.0,0.19252223865459156,4
N18000360,"KHAVDA PHASE-II-PART B, GUJARAT- TRANSMISSION SCHEME FOR EVACUATION OF 4.5 GW RE INJECTION AT KHAVDA",2024-11-01,0.0,0.8811838330514808,4
N18000360,"KHAVDA PHASE-II-PART B, GUJARAT- TRANSMISSION SCHEME FOR EVACUATION OF 4.5 GW RE INJECTION AT KHAVDA",2024-12-01,0.0,1.503651416394063,4
N18000360,"KHAVDA PHASE-II-PART B, GUJARAT- TRANSMISSION SCHEME FOR EVACUATION OF 4.5 GW RE INJECTION AT KHAVDA",2025-01-01,1.0,1.4255967926409092,4
N18000360,"KHAVDA PHASE-II-PART B, GUJARAT- TRANSMISSION SCHEME FOR EVACUATION OF 4.5 GW RE INJECTION AT KHAVDA",2025-02-01,3.0,1.7396028647278634,4
N18000360,"KHAVDA PHASE-II-PART B, GUJARAT- TRANSMISSION SCHEME FOR EVACUATION OF 4.5 GW RE INJECTION AT KHAVDA",2025-03-01,3.0,2.1075040291952063,4
N18000360,"KHAVDA PHASE-II-PART B, GUJARAT- TRANSMISSION SCHEME FOR EVACUATION OF 4.5 GW RE INJECTION AT KHAVDA",2025-04-01,6.0,3.6118645164175343,4
N18000360,"KHAVDA PHASE-II-PART B, GUJARAT- TRANSMISSION SCHEME FOR EVACUATION OF 4.5 GW RE INJECTION AT KHAVDA",2025-05-01,6.0,5.0357523410112455,4
N18000360,"KHAVDA PHASE-II-PART B, GUJARAT- TRANSMISSION SCHEME FOR EVACUATION OF 4.5 GW RE INJECTION AT KHAVDA",2025-06-01,6.0,6.246985034831014,4
N18000372,TRANSMISSION SYSTEM FOR EVACUATION OF POWER FROM RAJASTHAN REZ PHASE-IV PART- I (BIKANER COMPLEX) PAR,2024-11-01,11.0,3.268976970546939,4
N18000372,TRANSMISSION SYSTEM FOR EVACUATION OF POWER FROM RAJASTHAN REZ PHASE-IV PART-I (BIKANER COMPLEX) PAR,2024-12-01,1.0,3.4537442536451035,4
N18000372,TRANSMISSION SYSTEM FOR EVACUATION OF POWER FROM RAJASTHAN REZ PHASE-IV PART-I (BIKANER COMPLEX) PAR,2025-01-01,1.0,3.719161720002274,4
N18000373,"TS FOR EVACUATION OF POWER FROM REZ IN RAJASTHAN (20GW) UNDER PHASE-III, PART E1",2024-08-01,0.0,0.2892792723129411,4
N18000373,"TS FOR EVACUATION OF POWER FROM REZ IN RAJASTHAN (20GW) UNDER PHASE-III, PART E1",2024-11-01,0.0,0.8706506971270903,4
N18000373,"TS FOR EVACUATION OF POWER FROM REZ IN RAJASTHAN (20GW) UNDER PHASE-III, PART E1",2024-12-01,0.0,1.453874750656407,4
N18000373,"TS FOR EVACUATION OF POWER FROM REZ IN RAJASTHAN (20GW) UNDER PHASE-III, PART E1",2025-01-01,1.0,2.158015905196169,4
N18000373,"TS FOR EVACUATION OF POWER FROM REZ IN RAJASTHAN (20GW) UNDER PHASE-III, PART E1",2025-02-01,2.0,2.485714043659012,4
N18000373,"TS FOR EVACUATION OF POWER FROM REZ IN RAJASTHAN (20GW) UNDER PHASE-III, PART E1",2025-03-01,2.0,3.7827434984606034,4
N18000373,"TS FOR EVACUATION OF POWER FROM REZ IN RAJASTHAN (20GW) UNDER PHASE-III, PART E1",2025-04-01,7.0,5.081796623440202,4
N18000373,"TS FOR EVACUATION OF POWER FROM REZ IN RAJASTHAN (20GW) UNDER PHASE- III, PART E1",2025-05-01,7.0,6.178489365281552,4
N18000373,"TS FOR EVACUATION OF POWER FROM REZ IN RAJASTHAN (20GW) UNDER PHASE-III, PART E1",2025-06-01,7.0,6.671099674691784,4
N18000384,TS FOR EVACUATION OF ADDITIONAL 7GW RE POWER FROM KHAVDA RE PARK UNDER PHASE-III PART B [VATAMAN TRA,2024-08-01,0.0,0.05450505050505051,4
N18000384,TS FOR EVACUATION OF ADDITIONAL 7GW RE POWER FROM KHAVDA RE PARK UNDER PHASE-III PART B [VATAMAN TRA,2024-09-01,0.0,0.05831457431457431,4
N18000384,TS FOR EVACUATION OF ADDITIONAL 7GW RE POWER FROM KHAVDA RE PARK UNDER PHASE-III PART B [VATAMAN TRA,2024-11-01,0.0,0.5441941114441113,4
N18000384,TS FOR EVACUATION OF ADDITIONAL 7GW RE POWER FROM KHAVDA RE PARK UNDER PHASE-III PART B [VATAMAN TRA,2024-12-01,0.0,-0.008607142857142857,4
N18000384,TS FOR EVACUATION OF ADDITIONAL 7GW RE POWER FROM KHAVDA RE PARK UNDER PHASE-III PART B [VATAMAN TRA,2025-01-01,0.0,-0.11431726460673831,4
N18000384,TS FOR EVACUATION OF ADDITIONAL 7GW RE POWER FROM KHAVDA RE PARK UNDER PHASE-III PART B [VATAMAN TRA,2025-02-01,0.0,-0.04781099310046678,4
N18000384,TS FOR EVACUATION OF ADDITIONAL 7GW RE POWER FROM KHAVDA RE PARK UNDER PHASE-III PART B [VATAMAN TRA,2025-03-01,0.0,-0.004461786751260438,4
N18000384,TS FOR EVACUATION OF ADDITIONAL 7GW RE POWER FROM KHAVDA RE PARK UNDER PHASE-III PART B [VATAMAN TRA,2025-04-01,6.0,0.1242290501895765,4
N18000384,TS FOR EVACUATION OF ADDITIONAL 7GW RE POWER FROM KHAVDA RE PARK UNDER PHASE-III PART B [VATAMAN TRA,2025-05-01,6.0,2.6453644839105177,4
N18000384,TS FOR EVACUATION OF ADDITIONAL 7GW RE POWER FROM KHAVDA RE PARK UNDER PHASE-III PART B [VATAMAN TRA,2025-06-01,6.0,2.8853884136844474,4
N18000386,TS FOR EVACUATION OF POWER FROM RAJASTHAN REZ PH-IV (PART-1) [BIKANER COMPLEX] PART A [BIKANER III N,2024-08-01,0.0,-0.0025,4
N18000386,TS FOR EVACUATION OF POWER FROM RAJASTHAN REZ PH-IV (PART-1) [BIKANER COMPLEX] PART A [BIKANER III N,2024-11-01,0.0,-0.001388888888888889,4
N18000386,TS FOR EVACUATION OF POWER FROM RAJASTHAN REZ PH-IV (PART-1) [BIKANER COMPLEX] PART A [BIKANER III N,2024-12-01,0.0,-0.008789682539682538,4
N18000386,TS FOR EVACUATION OF POWER FROM RAJASTHAN REZ PH-IV (PART-1) [BIKANER COMPLEX] PART A [BIKANER III N,2025-01-01,0.0,-0.12022166576113946,4
N18000386,TS FOR EVACUATION OF POWER FROM RAJASTHAN REZ PH-IV (PART-1) [BIKANER COMPLEX] PART A [BIKANER III N,2025-02-01,0.0,-0.039592378381852054,4
N18000386,TS FOR EVACUATION OF POWER FROM RAJASTHAN REZ PH-IV (PART-1) [BIKANER COMPLEX] PART A [BIKANER III N,2025-03-01,0.0,0.005973759184285501,4
N18000386,TS FOR EVACUATION OF POWER FROM RAJASTHAN REZ PH-IV (PART-1) [BIKANER COMPLEX] PART A [BIKANER III N,2025-04-01,0.0,0.081709569670096,4
N18000386,TS FOR EVACUATION OF POWER FROM RAJASTHAN REZ PH-IV (PART-1) [BIKANER COMPLEX] PART A [BIKANER III N,2025-05-01,0.0,0.9155744688318216,4
N18000386,TS FOR EVACUATION OF POWER FROM RAJASTHAN REZ PH-IV (PART-1) [BIKANER COMPLEX] PART A [BIKANER III N,2025-06-01,0.0,2.6216890591174464,4
N18000395,AUGMENTATION OF 1500MVA 3RD 765/400KV TRANSFORMATION CAPACITY AT KURNOOL NEW SUBSTATION,2024-12-01,0.0,5.127942963211537,4
N18000395,AUGMENTATION OF 1500MVA 3RD 765/400KV TRANSFORMATION CAPACITY AT KURNOOL NEW SUBSTATION,2025-01-01,0.0,3.7358992014177783,4
N18000395,AUGMENTATION OF 1500MVA 3RD 765/400KV TRANSFORMATION CAPACITY AT KURNOOL NEW SUBSTATION,2025-02-01,0.0,3.581926364241767,4
N18000395,AUGMENTATION OF 1500MVA 3RD 765/400KV TRANSFORMATION CAPACITY AT KURNOOL NEW SUBSTATION,2025-03-01,0.0,3.622925881064814,4
N18000395,AUGMENTATION OF 1500MVA 3RD 765/400KV TRANSFORMATION CAPACITY AT KURNOOL NEW SUBSTATION,2025-04-01,0.0,3.4333371024686814,4
N18000395,AUGMENTATION OF 1500MVA 3RD 765/400KV TRANSFORMATION CAPACITY AT KURNOOL NEW SUBSTATION,2025-05-01,0.0,3.3996122733475653,4
N18000395,AUGMENTATION OF 1500MVA 3RD 765/400KV TRANSFORMATION CAPACITY AT KURNOOL NEW SUBSTATION,2025-06-01,0.0,3.278207809619573,4
611659,Transmission system strengthening scheme for evacuation of power from solar energy zones in Rajasthan[8.1 GW] under phase-II- Part E,2025-07-01,13.0,12.555803767153616,5
611659,Transmission system strengthening scheme for evacuation of power from solar energy zones in Rajasthan[8.1 GW] under phase-II- Part E,2025-08-01,13.0,13.053666358266206,5
611659,Transmission system strengthening scheme for evacuation of power from solar energy zones in Rajasthan[8.1 GW] under phase-II- Part E,2025-09-01,13.0,13.476417332237764,5
611659,Transmission system strengthening scheme for evacuation of power from solar energy zones in Rajasthan[8.1 GW] under phase-II- Part E,2025-10-01,14.0,15.871597726891844,5
611659,Transmission system strengthening scheme for evacuation of power from solar energy zones in Rajasthan[8.1 GW] under phase-II- Part E,2025-11-01,15.0,16.504963430632557,5
612138,"Transmission Scheme for Solar Energy Zone in Bidar [2500 MW], Karnataka [Bidar Transmission Ltd]",2025-09-01,4.0,2.8016346877809744,5
612138,"Transmission Scheme for Solar Energy Zone in Bidar [2500 MW], Karnataka [Bidar Transmission Ltd]",2025-10-01,4.0,2.5599634516097365,5
612138,"Transmission Scheme for Solar Energy Zone in Bidar [2500 MW], Karnataka [Bidar Transmission Ltd]",2025-11-01,4.0,3.102917489187228,5
612138,"Transmission Scheme for Solar Energy Zone in Bidar [2500 MW], Karnataka [Bidar Transmission Ltd]",2025-12-01,4.0,4.448241981668887,5
612138,"Transmission Scheme for Solar Energy Zone in Bidar [2500 MW], Karnataka [Bidar Transmission Ltd]",2026-01-01,4.0,4.760870355144399,5
612138,"Transmission Scheme for Solar Energy Zone in Bidar [2500 MW], Karnataka [Bidar Transmission Ltd]",2026-03-01,4.0,5.377666250301702,5
612140,Transmission Scheme for Integration of Renewable Energy Zone [Phase II] in Koppal II [Phase A&B] and gadag II[Phase A] in Karnataka [POWERGRID KOPPAL GADAG TRANSMISSION LIMITED],2025-08-01,3.0,2.9107900786863654,5
612140,Transmission Scheme for Integration of Renewable Energy Zone [Phase II] in Koppal II [Phase A&B] and gadag II[Phase A] in Karnataka [POWERGRID KOPPAL GADAG TRANSMISSION LIMITED],2025-09-01,3.0,3.0380131623049604,5
612140,Transmission Scheme for Integration of Renewable Energy Zone [Phase II] in Koppal II [Phase A&B] and gadag II[Phase A] in Karnataka [POWERGRID KOPPAL GADAG TRANSMISSION LIMITED],2025-10-01,6.0,3.4235922866929553,5
612140,Transmission Scheme for Integration of Renewable Energy Zone [Phase II] in Koppal II [Phase A&B] and gadag II[Phase A] in Karnataka [POWERGRID KOPPAL GADAG TRANSMISSION LIMITED],2025-11-01,6.0,3.760130846931592,5
612140,Transmission Scheme for Integration of Renewable Energy Zone [Phase II] in Koppal II [Phase A&B] and gadag II[Phase A] in Karnataka [POWERGRID KOPPAL GADAG TRANSMISSION LIMITED],2025-12-01,6.0,4.177151328705116,5
612140,Transmission Scheme for Integration of Renewable Energy Zone [Phase II] in Koppal II [Phase A&B] and gadag II[Phase A] in Karnataka [POWERGRID KOPPAL GADAG TRANSMISSION LIMITED],2026-01-01,6.0,5.425830952902158,5
612140,Transmission Scheme for Integration of Renewable Energy Zone [Phase II] in Koppal II [Phase A&B] and gadag II[Phase A] in Karnataka [POWERGRID KOPPAL GADAG TRANSMISSION LIMITED],2026-02-01,6.0,6.885510905574761,5
612140,Transmission Scheme for Integration of Renewable Energy Zone [Phase II] in Koppal II [Phase A&B] and gadag II[Phase A] in Karnataka [POWERGRID KOPPAL GADAG TRANSMISSION LIMITED],2026-03-01,9.0,7.334554299659179,5
N18000249,COMPREHENSIVE SCHEME FOR THE STRENGHTENING OF THE TRANSMISSION AND DISTRIBUTION SYSTEM IN A P,2024-08-01,75.0,80.3049162219646,5
N18000249,1123 COMPREHENSIVE SCHEME FOR THE STRENGHTENING OF THE TRANSMISSION AND DISTRIBUTION SYSTEM IN A P,2024-09-01,75.0,80.3049162219646,5
N18000249,COMPREHENSIVE SCHEME FOR THE STRENGHTENING OF THE TRANSMISSION AND DISTRIBUTION SYSTEM IN A P,2024-11-01,75.0,80.3049162219646,5
N18000249,COMPREHENSIVE SCHEME FOR THE STRENGHTENING OF THE TRANSMISSION AND DISTRIBUTION SYSTEM IN A P,2024-12-01,75.0,80.3049162219646,5
N18000249,COMPREHENSIVE SCHEME FOR THE STRENGHTENING OF THE TRANSMISSION AND DISTRIBUTION SYSTEM IN A P,2025-01-01,75.0,80.3049162219646,5
N18000249,COMPREHENSIVE SCHEME FOR THE STRENGHTENING OF THE TRANSMISSION AND DISTRIBUTION SYSTEM IN A P,2025-02-01,75.0,80.3049162219646,5
N18000249,COMPREHENSIVE SCHEME FOR THE STRENGHTENING OF THE TRANSMISSION AND DISTRIBUTION SYSTEM IN A P,2025-04-01,48.0,10.844017825254669,5
N18000250,NORTH EASTERN REGION POWER SYSTEM IMPROVEMENT PROJECT (NERPSIP) FOR SIX (6) STATES,2024-08-01,75.0,80.41180053209892,5
N18000250,NORTH EASTERN REGION POWER SYSTEM IMPROVEMENT PROJECT (NERPSIP) FOR SIX (6) STATES,2024-11-01,75.0,80.41180053209892,5
N18000250,NORTH EASTERN REGION POWER SYSTEM IMPROVEMENT PROJECT (NERPSIP) FOR SIX (6) STATES,2024-12-01,75.0,80.41180053209892,5
N18000250,NORTH EASTERN REGION POWER SYSTEM IMPROVEMENT PROJECT (NERPSIP) FOR SIX (6) STATES,2025-01-01,75.0,80.41180053209892,5
N18000250,NORTH EASTERN REGION POWER SYSTEM IMPROVEMENT PROJECT (NERPSIP) FOR SIX (6) STATES,2025-02-01,78.0,80.41180053209892,5
N18000250,NORTH EASTERN REGION POWER SYSTEM IMPROVEMENT PROJECT (NERPSIP) FOR SIX (6) STATES,2025-03-01,78.0,81.952799616348,5
N18000250,NORTH EASTERN REGION POWER SYSTEM IMPROVEMENT PROJECT (NERPSIP) FOR SIX (6) STATES,2025-04-01,3.0,12.859448676810521,5
N18000250,NORTH EASTERN REGION POWER SYSTEM IMPROVEMENT PROJECT (NERPSIP) FOR SIX (6) STATES,2025-05-01,81.0,81.952799616348,5
N18000250,NORTH EASTERN REGION POWER SYSTEM IMPROVEMENT PROJECT (NERPSIP) FOR SIX (6) STATES,2025-06-01,81.0,81.952799616348,5
N18000357,ESTABLISHMENT OF KHAVDA POOLING STATION 3 (KPS3) IN KHAVDA RE PARK,2024-08-01,2.0,0.9626881466486731,5
N18000357,ESTABLISHMENT OF KHAVDA POOLING STATION 3 (KPS3) IN KHAVDA RE PARK,2024-09-01,2.0,1.8120370285172909,5
N18000357,ESTABLISHMENT OF KHAVDA POOLING STATION 3 (KPS3) IN KHAVDA RE PARK,2024-12-01,2.0,2.7003370621752976,5
N18000357,ESTABLISHMENT OF KHAVDA POOLING STATION 3 (KPS3) IN KHAVDA RE PARK,2025-01-01,3.0,4.289738312369891,5
N18000357,ESTABLISHMENT OF KHAVDA POOLING STATION 3 (KPS3) IN KHAVDA RE PARK,2025-02-01,3.0,5.794617031875933,5
N18000357,ESTABLISHMENT OF KHAVDA POOLING STATION 3 (KPS3) IN KHAVDA RE PARK,2025-03-01,5.0,5.993083057952251,5
N18000357,ESTABLISHMENT OF KHAVDA POOLING STATION 3 (KPS3) IN KHAVDA RE PARK,2025-04-01,5.0,6.402576736115044,5
N18000357,ESTABLISHMENT OF KHAVDA POOLING STATION 3 (KPS3) IN KHAVDA RE PARK,2025-05-01,6.0,7.0718335457542105,5
N18000357,ESTABLISHMENT OF KHAVDA POOLING STATION 3 (KPS3) IN KHAVDA RE PARK,2025-06-01,7.0,7.35618335117755,5
N18000359,"KHAVDA-2, GUJARAT- ESTABLISHMENT OF KHAVDA POOLING STATION-2 (KPS2) IN KHAVDA RE PARK",2024-08-01,2.0,0.8472593021014077,5
N18000359,"KHAVDA-2, GUJARAT- ESTABLISHMENT OF KHAVDA POOLING STATION-2 (KPS2) IN KHAVDA RE PARK",2024-09-01,2.0,1.1384411526582576,5
N18000359,"KHAVDA-2, GUJARAT- ESTABLISHMENT OF KHAVDA POOLING STATION-2 (KPS2) IN KHAVDA RE PARK",2024-11-01,2.0,2.382070971583743,5
N18000359,"KHAVDA-2, GUJARAT- ESTABLISHMENT OF KHAVDA POOLING STATION-2 (KPS2) IN KHAVDA RE PARK",2024-12-01,2.0,2.7861223772500874,5
N18000359,"KHAVDA-2, GUJARAT- ESTABLISHMENT OF KHAVDA POOLING STATION-2 (KPS2) IN KHAVDA RE PARK",2025-01-01,3.0,3.8763002073605786,5
N18000359,"KHAVDA-2, GUJARAT- ESTABLISHMENT OF KHAVDA POOLING STATION-2 (KPS2) IN KHAVDA RE PARK",2025-02-01,3.0,5.699301486310387,5
N18000359,"KHAVDA-2, GUJARAT- ESTABLISHMENT OF KHAVDA POOLING STATION-2 (KPS2) IN KHAVDA RE PARK",2025-03-01,5.0,6.006408917550169,5
N18000359,"KHAVDA-2, GUJARAT- ESTABLISHMENT OF KHAVDA POOLING STATION-2 (KPS2) IN KHAVDA RE PARK",2025-04-01,5.0,6.149219880280248,5
N18000359,"KHAVDA-2, GUJARAT- ESTABLISHMENT OF KHAVDA POOLING STATION-2 (KPS2) IN KHAVDA RE PARK",2025-05-01,6.0,6.552682086646867,5
N18000359,"KHAVDA-2, GUJARAT- ESTABLISHMENT OF KHAVDA POOLING STATION-2 (KPS2) IN KHAVDA RE PARK",2025-06-01,8.0,6.8471790455702966,5
N18000379,TS FOR EVACUATION POWER FROM REZ IN RAJASTHAN (20GW) UNDER PHASE-III PART E2,2024-08-01,0.0,0.5345401405334271,5
N18000379,1354 TS FOR EVACUATION POWER FROM REZ IN RAJASTHAN (20GW) UNDER PHASE-III PART E2,2024-09-01,0.0,0.8009443936876801,5
N18000379,TS FOR EVACUATION POWER FROM REZ IN RAJASTHAN (20GW) UNDER PHASE-III PART E2,2024-11-01,0.0,0.7706792204937144,5
N18000379,TS FOR EVACUATION POWER FROM REZ IN RAJASTHAN (20GW) UNDER PHASE-III PART E2,2024-12-01,0.0,0.8467109665254604,5
N18000379,TS FOR EVACUATION POWER FROM REZ IN RAJASTHAN (20GW) UNDER PHASE-III PART E2,2025-01-01,0.0,0.915495016149428,5
N18000379,TS FOR EVACUATION POWER FROM REZ IN RAJASTHAN (20GW) UNDER PHASE-III PART E2,2025-02-01,0.0,1.1439232568114155,5
N18000379,TS FOR EVACUATION POWER FROM REZ IN RAJASTHAN (20GW) UNDER PHASE-III PART E2,2025-03-01,0.0,2.4574407347038916,5
N18000379,TS FOR EVACUATION POWER FROM REZ IN RAJASTHAN (20GW) UNDER PHASE-III PART E2,2025-04-01,3.0,4.821567236441465,5
N18000379,TS FOR EVACUATION POWER FROM REZ IN RAJASTHAN (20GW) UNDER PHASE-III PART E2,2025-05-01,3.0,3.963702051388587,5
N18000379,TS FOR EVACUATION POWER FROM REZ IN RAJASTHAN (20GW) UNDER PHASE-III PART E2,2025-06-01,3.0,4.360191304882483,5
N18000385,TS FOR INTRGRATION OF RE ZONE (PHASE II) IN KOPPAL II (PHASE A&B) AND GADAG II (PHASE A) IN KARNATAK,2024-08-01,0.0,1.013748841300312,5
N18000385,TS FOR INTRGRATION OF RE ZONE (PHASE II) IN KOPPAL II (PHASE A&B) AND GADAG II (PHASE A) IN KARNATAK,2024-09-01,0.0,1.063828206379677,5
N18000385,TS FOR INTRGRATION OF RE ZONE (PHASE II) IN KOPPAL II (PHASE A and B) AND GADAG II (PHASE A) IN KARN,2024-12-01,0.0,-0.011440476190476192,5
N18000385,TS FOR INTRGRATION OF RE ZONE (PHASE II) IN KOPPAL II (PHASE A and B) AND GADAG II (PHASE A) IN KARN,2025-01-01,0.0,-0.08344466644466646,5
N18000385,TS FOR INTRGRATION OF RE ZONE (PHASE II) IN KOPPAL II (PHASE A and B) AND GADAG II (PHASE A) IN KARN,2025-02-01,0.0,-0.05847267764914824,5
N18000385,TS FOR INTRGRATION OF RE ZONE (PHASE II) IN KOPPAL II (PHASE A and B) AND GADAG II (PHASE A) IN KARN,2025-03-01,0.0,-0.007377217553688142,5
N18000385,TS FOR INTRGRATION OF RE ZONE (PHASE II) IN KOPPAL II (PHASE A and B) AND GADAG II (PHASE A) IN KARN,2025-04-01,0.0,0.1042987565696544,5
N18000385,TS FOR INTRGRATION OF RE ZONE (PHASE II) IN KOPPAL II (PHASE A and B) AND GADAG II (PHASE A) IN KARN,2025-05-01,0.0,1.492865162887221,5
N18000385,TS FOR INTRGRATION OF RE ZONE (PHASE II) IN KOPPAL II (PHASE A and B) AND GADAG II (PHASE A) IN KARN,2025-06-01,0.0,1.5265080200300782,5
N18000389,TS FOR EVACUATION OF POWER FROM REZ IN RAJASTHAN (20GW) UNDER PH-III PART D [SIKAR KHETRI TRANSMISSI,2024-11-01,0.0,0.34492429804258457,5
N18000389,TS FOR EVACUATION OF POWER FROM REZ IN RAJASTHAN (20GW) UNDER PH-III PART D [SIKAR KHETRI TRANSMISSI,2024-12-01,0.0,0.3349245314692886,5
N18000389,TS FOR EVACUATION OF POWER FROM REZ IN RAJASTHAN (20GW) UNDER PH-III PART D [SIKAR KHETRI TRANSMISSI,2025-01-01,0.0,0.3520071155518726,5
N18000389,TS FOR EVACUATION OF POWER FROM REZ IN RAJASTHAN (20GW) UNDER PH-III PART D [SIKAR KHETRI TRANSMISSI,2025-02-01,0.0,0.36574521078996786,5
N18000389,TS FOR EVACUATION OF POWER FROM REZ IN RAJASTHAN (20GW) UNDER PH-III PART D [SIKAR KHETRI TRANSMISSI,2025-03-01,0.0,0.3809882497676615,5
N18000389,TS FOR EVACUATION OF POWER FROM REZ IN RAJASTHAN (20GW) UNDER PH- III PART D [SIKAR KHETRI TRANSMISSI,2025-04-01,0.0,1.4153518243738827,5
N18000389,TS FOR EVACUATION OF POWER FROM REZ IN RAJASTHAN (20GW) UNDER PH-III PART D [SIKAR KHETRI TRANSMISSI,2025-05-01,0.0,1.266581807625925,5
N18000389,TS FOR EVACUATION OF POWER FROM REZ IN RAJASTHAN (20GW) UNDER PH-III PART D [SIKAR KHETRI TRANSMISSI,2025-06-01,1.0,2.8604473545696965,5
N18000394,TS FOR EVACUATION POWER FROM RAJASTHAN REZ PH-IV (PART-2:5.5GW) (JAISALMER/BARMER COMPLEX) PART-E,2024-11-01,0.0,0.8478585322629444,5
N18000394,TS FOR EVACUATION POWER FROM RAJASTHAN REZ PH-IV (PART-2:5.5GW) (JAISALMER/BARMER COMPLEX) PART-E,2024-12-01,0.0,-0.36158800023505916,5
N18000394,TS FOR EVACUATION POWER FROM RAJASTHAN REZ PH-IV (PART-2:5.5GW) (JAISALMER/BARMER COMPLEX) PART-E,2025-01-01,0.0,-0.22263344988344988,5
N18000394,TS FOR EVACUATION POWER FROM RAJASTHAN REZ PH-IV (PART-2:5.5GW) (JAISALMER/BARMER COMPLEX) PART-E,2025-02-01,0.0,-0.10801803751803751,5
N18000394,TS FOR EVACUATION POWER FROM RAJASTHAN REZ PH-IV (PART-2:5.5GW) (JAISALMER/BARMER COMPLEX) PART-E,2025-03-01,0.0,-0.008888888888888889,5
N18000394,TS FOR EVACUATION POWER FROM RAJASTHAN REZ PH-IV (PART-2:5.5GW) (JAISALMER/BARMER COMPLEX) PART-E,2025-04-01,0.0,-0.005928571428571428,5
N18000394,TS FOR EVACUATION POWER FROM RAJASTHAN REZ PH-IV (PART-2:5.5GW) (JAISALMER/BARMER COMPLEX) PART-E,2025-05-01,0.0,-0.022035714285714287,5
N18000394,TS FOR EVACUATION POWER FROM RAJASTHAN REZ PH-IV (PART-2:5.5GW) (JAISALMER/BARMER COMPLEX) PART- E,2025-06-01,0.0,0.09933119658119657,5
N18000401,TRANSMISSION SYSTEM FOR EVACUATION OF POWER FROM RAJASTHAN REZ PH -IV [PART-2 5.5 GW] [JAISALMER/BAR,2025-05-01,0.0,-0.010523809523809524,5
N18000401,TRANSMISSION SYSTEM FOR EVACUATION OF POWER FROM RAJASTHAN REZ PH -IV [PART-2 5.5 GW] [JAISALMER/BAR,2025-06-01,0.0,-0.029745462870462872,5
N18000404,TRANSMISSION SYSTEM FOR EVACUATION OF POWER FROM RAJASTHAN REZ PH-IV [PART-3 (6 GW)] [BIKANER COMPLE,2025-05-01,0.0,2.243401201739437,5
N18000404,TRANSMISSION SYSTEM FOR EVACUATION OF POWER FROM RAJASTHAN REZ PH-IV [PART-3 (6 GW)] [BIKANER COMPLE,2025-06-01,0.0,2.4263770673770675,5
N18000407,TRANSMISSION SYSTEM FOR EVACUATION OF POWER FROM RAJASTHAN REZ PH-IV (PART-4: 3.5 GW): PART A,2025-06-01,0.0,2.3466360861360864,5
