project_code,project_name,snapshot_date,target_cost_overrun_pct,prediction,fold
611657,Transmission scheme for evacuation of 4.5GW RE injection at Khavda PS under Phase II- Part C,2025-07-01,0.0,-0.015016476187302716,1
611657,Transmission scheme for evacuation of 4.5GW RE injection at Khavda PS under Phase II- Part C,2025-08-01,0.0,-0.020177149319368475,1
611657,Transmission scheme for evacuation of 4.5GW RE injection at Khavda PS under Phase II- Part C,2025-09-01,0.0,-0.019566625178802845,1
611657,Transmission scheme for evacuation of 4.5GW RE injection at Khavda PS under Phase II- Part C,2025-10-01,0.0,-0.02351048151977245,1
611657,Transmission scheme for evacuation of 4.5GW RE injection at Khavda PS under Phase II- Part C,2025-11-01,0.0,-0.01738411098716719,1
611657,Transmission scheme for evacuation of 4.5GW RE injection at Khavda PS under Phase II- Part C,2025-12-01,0.0,-0.012774585183688644,1
611659,Transmission system strengthening scheme for evacuation of power from solar energy zones in Rajasthan[8.1 GW] under phase-II- Part E,2025-07-01,-0.0195356106273702,-0.005551363718037055,1
611659,Transmission system strengthening scheme for evacuation of power from solar energy zones in Rajasthan[8.1 GW] under phase-II- Part E,2025-08-01,-0.0195356106273702,-0.0037982976154785726,1
611659,Transmission system strengthening scheme for evacuation of power from solar energy zones in Rajasthan[8.1 GW] under phase-II- Part E,2025-09-01,-0.0195356106273702,-0.0035051862093527595,1
611659,Transmission system strengthening scheme for evacuation of power from solar energy zones in Rajasthan[8.1 GW] under phase-II- Part E,2025-10-01,-0.0195356106273702,-0.004409756422517818,1
611659,Transmission system strengthening scheme for evacuation of power from solar energy zones in Rajasthan[8.1 GW] under phase-II- Part E,2025-11-01,-0.0195356106273702,-0.003936441320278941,1
611947,Transmission System for Evacuation of Power from REZ in Rajasthan 20GW under Phase III- Part E2,2025-07-01,0.0,0.0,1
611947,Transmission System for Evacuation of Power from REZ in Rajasthan 20GW under Phase III- Part E2,2025-08-01,0.0,0.0,1
611947,Transmission System for Evacuation of Power from REZ in Rajasthan 20GW under Phase III- Part E2,2025-09-01,0.0,0.0,1
611947,Transmission System for Evacuation of Power from REZ in Rajasthan 20GW under Phase III- Part E2,2025-10-01,0.0,0.0,1
611947,Transmission System for Evacuation of Power from REZ in Rajasthan 20GW under Phase III- Part E2,2025-11-01,0.0,0.0,1
611947,Transmission System for Evacuation of Power from REZ in Rajasthan 20GW under Phase III- Part E2,2025-12-01,0.0,0.0,1
611947,Transmission System for Evacuation of Power from REZ in Rajasthan 20GW under Phase III- Part E2,2026-01-01,0.0,0.0,1
611947,Transmission System for Evacuation of Power from REZ in Rajasthan 20GW under Phase III- Part E2,2026-02-01,0.0,-0.004589710874237918,1
611947,Transmission System for Evacuation of Power from REZ in Rajasthan 20GW under Phase III- Part E2,2026-03-01,0.0,-0.003042339371618376,1
611947,Transmission System for Evacuation of Power from REZ in Rajasthan 20GW under Phase III- Part E2,2026-04-01,0.0,-0.0010240205884931154,1
611949,Transmission system for evacuation of power from REZ in Rajasthan 20 GW under Phase-III part C1,2025-07-01,0.0,-3.9255991891849996e-05,1
611949,Transmission system for evacuation of power from REZ in Rajasthan 20 GW under Phase-III part C1,2025-08-01,0.0,0.0,1
611949,Transmission system for evacuation of power from REZ in Rajasthan 20 GW under Phase-III part C1,2025-09-01,0.0,0.0,1
611949,Transmission system for evacuation of power from REZ in Rajasthan 20 GW under Phase-III part C1,2025-10-01,0.0,0.0,1
611949,Transmission system for evacuation of power from REZ in Rajasthan 20 GW under Phase-III part C1,2025-11-01,0.0,-0.004318283730299983,1
611949,Transmission system for evacuation of power from REZ in Rajasthan 20 GW under Phase-III part C1,2025-12-01,0.0,-0.0029314879278475796,1
611949,Transmission system for evacuation of power from REZ in Rajasthan 20 GW under Phase-III part C1,2026-02-01,0.0,-0.0010726232451211206,1
611949,Transmission system for evacuation of power from REZ in Rajasthan 20 GW under Phase-III part C1,2026-03-01,0.0,-0.001685764451812873,1
611950,Transmission system for evacuation of power from REZ in Rajasthan 20 GW under Phase-III part B1,2025-07-01,0.0,0.0,1
611950,Transmission system for evacuation of power from REZ in Rajasthan 20 GW under Phase-III part B1,2025-08-01,0.0,-0.002479981709993064,1
611950,Transmission system for evacuation of power from REZ in Rajasthan 20 GW under Phase-III part B1,2025-09-01,0.0,-0.0070310597033215435,1
611950,Transmission system for evacuation of power from REZ in Rajasthan 20 GW under Phase-III part B1,2025-10-01,0.0,-0.003990844573688655,1
611950,Transmission system for evacuation of power from REZ in Rajasthan 20 GW under Phase-III part B1,2025-11-01,0.0,-0.001883913744219354,1
611950,Transmission system for evacuation of power from REZ in Rajasthan 20 GW under Phase-III part B1,2025-12-01,0.0,-0.004221639216928144,1
611950,Transmission system for evacuation of power from REZ in Rajasthan 20 GW under Phase-III part B1,2026-01-01,0.0,-0.0027193186383368665,1
611966,Transmission System for Evacuation of power from Potential RE Zone in Khavda Area of Gujarat under phase IV 7GW-Part E4,2025-07-01,0.0,0.0,1
611966,Transmission System for Evacuation of power from Potential RE Zone in Khavda Area of Gujarat under phase IV 7GW-Part E4,2025-08-01,0.0,0.0,1
611966,Transmission System for Evacuation of power from Potential RE Zone in Khavda Area of Gujarat under phase IV 7GW-Part E4,2025-09-01,0.0,0.0,1
611966,Transmission System for Evacuation of power from Potential RE Zone in Khavda Area of Gujarat under phase IV 7GW-Part E4,2025-10-01,0.0,0.0,1
611966,Transmission System for Evacuation of power from Potential RE Zone in Khavda Area of Gujarat under phase IV 7GW-Part E4,2025-11-01,0.0,0.0,1
611966,Transmission System for Evacuation of power from Potential RE Zone in Khavda Area of Gujarat under phase IV 7GW-Part E4,2025-12-01,0.0,0.0,1
611966,Transmission System for Evacuation of power from Potential RE Zone in Khavda Area of Gujarat under phase IV 7GW-Part E4,2026-01-01,0.0,0.0,1
611966,Transmission System for Evacuation of power from Potential RE Zone in Khavda Area of Gujarat under phase IV 7GW-Part E4,2026-02-01,0.0,0.0,1
611966,Transmission System for Evacuation of power from Potential RE Zone in Khavda Area of Gujarat under phase IV 7GW-Part E4,2026-03-01,0.0,-0.004071157914676051,1
611966,Transmission System for Evacuation of power from Potential RE Zone in Khavda Area of Gujarat under phase IV 7GW-Part E4,2026-04-01,0.0,-0.00024077008360334662,1
611966,Transmission System for Evacuation of power from Potential RE Zone in Khavda Area of Gujarat under phase IV 7GW-Part E4,2026-05-01,0.0,-0.0011473965630103586,1
611966,Transmission System for Evacuation of power from Potential RE Zone in Khavda Area of Gujarat under phase IV 7GW-Part E4,2026-06-01,0.0,-0.0034515363537672306,1
611967,Transmission Scheme for Solar Energy Zone in Ananthpuram 2500MW and Kurnool 1000MW,2025-07-01,0.0,0.0,1
611967,Transmission Scheme for Solar Energy Zone in Ananthpuram 2500MW and Kurnool 1000MW,2025-08-01,0.0,0.0,1
611967,Transmission Scheme for Solar Energy Zone in Ananthpuram 2500MW and Kurnool 1000MW,2025-09-01,0.0,0.0,1
611967,Transmission Scheme for Solar Energy Zone in Ananthpuram 2500MW and Kurnool 1000MW,2025-10-01,0.0,-0.00024862128198171665,1
611967,Transmission Scheme for Solar Energy Zone in Ananthpuram 2500MW and Kurnool 1000MW,2025-11-01,0.0,-0.0005626692171165167,1
611967,Transmission Scheme for Solar Energy Zone in Ananthpuram 2500MW and Kurnool 1000MW,2025-12-01,0.0,-0.015291268130545672,1
611967,Transmission Scheme for Solar Energy Zone in Ananthpuram 2500MW and Kurnool 1000MW,2026-01-01,0.0,-0.014300521668513267,1
611967,Transmission Scheme for Solar Energy Zone in Ananthpuram 2500MW and Kurnool 1000MW,2026-02-01,0.0,-0.012995727271346067,1
611967,Transmission Scheme for Solar Energy Zone in Ananthpuram 2500MW and Kurnool 1000MW,2026-03-01,0.0,-0.01660478608146661,1
N18000332,TRANSMISSION SYSTEM STRENGTHENING SCHEME FOR EVACUATION OF POWER FROM SOLAR ENERGY ZONES IN RAJASTHA,2024-08-01,0.0,0.0,1
N18000332,TRANSMISSION SYSTEM STRENGTHENING SCHEME FOR EVACUATION OF POWER FROM SOLAR ENERGY ZONES IN RAJASTHA,2024-12-01,0.0,-0.0020760811711946965,1
N18000332,TRANSMISSION SYSTEM STRENGTHENING SCHEME FOR EVACUATION OF POWER FROM SOLAR ENERGY ZONES IN RAJASTHA,2025-01-01,0.0,-0.0019452278648885298,1
N18000332,TRANSMISSION SYSTEM STRENGTHENING SCHEME FOR EVACUATION OF POWER FROM SOLAR ENERGY ZONES IN RAJASTHA,2025-02-01,0.0,-0.005831944928771126,1
N18000332,TRANSMISSION SYSTEM STRENGTHENING SCHEME FOR EVACUATION OF POWER FROM SOLAR ENERGY ZONES IN RAJASTHA,2025-03-01,0.0,-0.00562257963868126,1
N18000332,TRANSMISSION SYSTEM STRENGTHENING SCHEME FOR EVACUATION OF POWER FROM SOLAR ENERGY ZONES IN RAJASTHA,2025-04-01,0.0,-0.0029723073618407505,1
N18000332,TRANSMISSION SYSTEM STRENGTHENING SCHEME FOR EVACUATION OF POWER FROM SOLAR ENERGY ZONES IN RAJASTHA,2025-05-01,33.13325330132052,-0.00493323762348602,1
N18000332,TRANSMISSION SYSTEM STRENGTHENING SCHEME FOR EVACUATION OF POWER FROM SOLAR ENERGY ZONES IN RAJASTHA,2025-06-01,33.13325330132052,0.09749175733173182,1
N18000343,SYSTEM STRENGTHENING SCHEME FOR EASTERN AND NORTH EASTERN REGION,2024-08-01,0.0,0.0,1
N18000343,SYSTEM STRENGTHENING SCHEME FOR EASTERN AND NORTH EASTERN REGION,2024-11-01,0.0,0.0,1
N18000343,SYSTEM STRENGTHENING SCHEME FOR EASTERN AND NORTH EASTERN REGION,2024-12-01,0.0,0.0,1
N18000343,SYSTEM STRENGTHENING SCHEME FOR EASTERN AND NORTH EASTERN REGION,2025-01-01,0.0,0.0,1
N18000343,SYSTEM STRENGTHENING SCHEME FOR EASTERN AND NORTH EASTERN REGION,2025-02-01,0.0,0.0,1
N18000343,SYSTEM STRENGTHENING SCHEME FOR EASTERN AND NORTH EASTERN REGION,2025-03-01,0.0,0.0,1
N18000343,SYSTEM STRENGTHENING SCHEME FOR EASTERN AND NORTH EASTERN REGION,2025-04-01,0.0,0.0,1
N18000343,SYSTEM STRENGTHENING SCHEME FOR EASTERN AND NORTH EASTERN REGION,2025-05-01,0.0,0.0,1
N18000343,SYSTEM STRENGTHENING SCHEME FOR EASTERN AND NORTH EASTERN REGION,2025-06-01,0.0,-0.007600583141244568,1
N18000361,"KHAVDA PHASE-II-PART C, GUJARAT- TRANSMISSION SCHEME FOR EVACUATION OF 4.5 GW RE INJECTION AT KHAVDA",2024-08-01,0.0,0.0,1
N18000361,"KHAVDA PHASE-II-PART C, GUJARAT- TRANSMISSION SCHEME FOR EVACUATION OF 4.5 GW RE INJECTION AT KHAVDA",2024-09-01,0.0,0.0,1
N18000361,"KHAVDA PHASE-II-PART C, GUJARAT- TRANSMISSION SCHEME FOR EVACUATION OF 4.5 GW RE INJECTION AT KHAVDA",2024-11-01,0.0,0.0,1
N18000361,"KHAVDA PHASE-II-PART C, GUJARAT- TRANSMISSION SCHEME FOR EVACUATION OF 4.5 GW RE INJECTION AT KHAVDA",2024-12-01,0.0,0.0,1
N18000361,"KHAVDA PHASE-II-PART C, GUJARAT- TRANSMISSION SCHEME FOR EVACUATION OF 4.5 GW RE INJECTION AT KHAVDA",2025-01-01,0.0,0.0,1
N18000361,"KHAVDA PHASE-II-PART C, GUJARAT- TRANSMISSION SCHEME FOR EVACUATION OF 4.5 GW RE INJECTION AT KHAVDA",2025-02-01,0.0,0.0,1
N18000361,"KHAVDA PHASE-II-PART C, GUJARAT- TRANSMISSION SCHEME FOR EVACUATION OF 4.5 GW RE INJECTION AT KHAVDA",2025-03-01,0.0,0.0,1
N18000361,"KHAVDA PHASE-II-PART C, GUJARAT- TRANSMISSION SCHEME FOR EVACUATION OF 4.5 GW RE INJECTION AT KHAVDA",2025-04-01,0.0,0.0,1
N18000361,"KHAVDA PHASE-II-PART C, GUJARAT- TRANSMISSION SCHEME FOR EVACUATION OF 4.5 GW RE INJECTION AT KHAVDA",2025-05-01,0.0,-0.005676727983052717,1
N18000361,"KHAVDA PHASE-II-PART C, GUJARAT- TRANSMISSION SCHEME FOR EVACUATION OF 4.5 GW RE INJECTION AT KHAVDA",2025-06-01,0.0,-0.005676727983052717,1
N18000372,TRANSMISSION SYSTEM FOR EVACUATION OF POWER FROM RAJASTHAN REZ PHASE-IV PART- I (BIKANER COMPLEX) PAR,2024-11-01,0.0,0.0,1
N18000372,TRANSMISSION SYSTEM FOR EVACUATION OF POWER FROM RAJASTHAN REZ PHASE-IV PART-I (BIKANER COMPLEX) PAR,2024-12-01,0.0,0.0,1
N18000372,TRANSMISSION SYSTEM FOR EVACUATION OF POWER FROM RAJASTHAN REZ PHASE-IV PART-I (BIKANER COMPLEX) PAR,2025-01-01,0.0,0.0,1
N18000373,"TS FOR EVACUATION OF POWER FROM REZ IN RAJASTHAN (20GW) UNDER PHASE-III, PART E1",2024-08-01,0.0,0.0,1
N18000373,"TS FOR EVACUATION OF POWER FROM REZ IN RAJASTHAN (20GW) UNDER PHASE-III, PART E1",2024-11-01,0.0,0.0,1
N18000373,"TS FOR EVACUATION OF POWER FROM REZ IN RAJASTHAN (20GW) UNDER PHASE-III, PART E1",2024-12-01,0.0,0.0,1
N18000373,"TS FOR EVACUATION OF POWER FROM REZ IN RAJASTHAN (20GW) UNDER PHASE-III, PART E1",2025-01-01,0.0,0.0,1
N18000373,"TS FOR EVACUATION OF POWER FROM REZ IN RAJASTHAN (20GW) UNDER PHASE-III, PART E1",2025-02-01,0.0,0.0,1
N18000373,"TS FOR EVACUATION OF POWER FROM REZ IN RAJASTHAN (20GW) UNDER PHASE-III, PART E1",2025-03-01,0.0,0.0,1
N18000373,"TS FOR EVACUATION OF POWER FROM REZ IN RAJASTHAN (20GW) UNDER PHASE-III, PART E1",2025-04-01,0.0,0.0,1
N18000373,"TS FOR EVACUATION OF POWER FROM REZ IN RAJASTHAN (20GW) UNDER PHASE- III, PART E1",2025-05-01,0.0,0.0,1
N18000373,"TS FOR EVACUATION OF POWER FROM REZ IN RAJASTHAN (20GW) UNDER PHASE-III, PART E1",2025-06-01,0.0,0.0,1
N18000401,TRANSMISSION SYSTEM FOR EVACUATION OF POWER FROM RAJASTHAN REZ PH -IV [PART-2 5.5 GW] [JAISALMER/BAR,2025-05-01,0.0,0.0,1
N18000401,TRANSMISSION SYSTEM FOR EVACUATION OF POWER FROM RAJASTHAN REZ PH -IV [PART-2 5.5 GW] [JAISALMER/BAR,2025-06-01,0.0,0.0,1
N18000407,TRANSMISSION SYSTEM FOR EVACUATION OF POWER FROM RAJASTHAN REZ PH-IV (PART-4: 3.5 GW): PART A,2025-06-01,0.0,2.7627860285113868,1
607709,NORTH EASTERN REGION POWER SYSTEM IMPROVEMENT PROJECT [NERPSIP],2025-07-01,31.08134282075311,30.682618518652447,2
607709,NORTH EASTERN REGION POWER SYSTEM IMPROVEMENT PROJECT [NERPSIP],2025-08-01,31.08134282075311,30.682618518652447,2
607709,NORTH EASTERN REGION POWER SYSTEM IMPROVEMENT PROJECT [NERPSIP],2025-09-01,31.08134282075311,30.682618518652447,2
607709,NORTH EASTERN REGION POWER SYSTEM IMPROVEMENT PROJECT [NERPSIP],2025-10-01,31.08134282075311,30.682618518652447,2
607709,NORTH EASTERN REGION POWER SYSTEM IMPROVEMENT PROJECT [NERPSIP],2025-11-01,31.08134282075311,30.682618518652447,2
607709,NORTH EASTERN REGION POWER SYSTEM IMPROVEMENT PROJECT [NERPSIP],2025-12-01,31.08134282075311,30.682618518652447,2
607709,NORTH EASTERN REGION POWER SYSTEM IMPROVEMENT PROJECT [NERPSIP],2026-01-01,31.08134282075311,30.813780114759133,2
607709,NORTH EASTERN REGION POWER SYSTEM IMPROVEMENT PROJECT [NERPSIP],2026-02-01,31.08134282075311,30.85522190518681,2
607709,NORTH EASTERN REGION POWER SYSTEM IMPROVEMENT PROJECT [NERPSIP],2026-03-01,31.08134282075311,30.85522190518681,2
607709,NORTH EASTERN REGION POWER SYSTEM IMPROVEMENT PROJECT [NERPSIP],2026-04-01,31.08134282075311,30.85522190518681,2
607709,NORTH EASTERN REGION POWER SYSTEM IMPROVEMENT PROJECT [NERPSIP],2026-05-01,31.08134282075311,30.85522190518681,2
607709,NORTH EASTERN REGION POWER SYSTEM IMPROVEMENT PROJECT [NERPSIP],2026-06-01,31.08134282075311,30.85522190518681,2
611656,Transmission scheme for evacuation of 4.5GW RE injection at Khavda PS under Phase II- Part B,2025-07-01,-0.04710719027022,0.0,2
611656,Transmission scheme for evacuation of 4.5GW RE injection at Khavda PS under Phase II- Part B,2025-08-01,-0.04710719027022,0.0,2
611656,Transmission scheme for evacuation of 4.5GW RE injection at Khavda PS under Phase II- Part B,2025-09-01,-0.04710719027022,-0.0013051390025880774,2
611656,Transmission scheme for evacuation of 4.5GW RE injection at Khavda PS under Phase II- Part B,2025-10-01,-0.04710719027022,-0.0008342170871473441,2
617801,Provision of ICT Augmentation & Bus Reactor at Bhuj-II PS,2025-10-01,0.0,0.0,2
617801,Provision of ICT Augmentation & Bus Reactor at Bhuj-II PS,2025-11-01,0.0,0.0,2
617801,Provision of ICT Augmentation & Bus Reactor at Bhuj-II PS,2025-12-01,0.0,0.0,2
617801,Provision of ICT Augmentation & Bus Reactor at Bhuj-II PS,2026-01-01,0.0,0.0,2
617801,Provision of ICT Augmentation & Bus Reactor at Bhuj-II PS,2026-02-01,0.0,0.0,2
617801,Provision of ICT Augmentation & Bus Reactor at Bhuj-II PS,2026-03-01,0.0,0.0,2
617801,Provision of ICT Augmentation & Bus Reactor at Bhuj-II PS,2026-04-01,0.0,0.0,2
617801,Provision of ICT Augmentation & Bus Reactor at Bhuj-II PS,2026-05-01,0.0,0.0,2
617801,Provision of ICT Augmentation & Bus Reactor at Bhuj-II PS,2026-06-01,0.0,0.0,2
N18000300,TRANSMISSION SYSTEM STRENGTHENING SCHEME FOR EVACUATION OF POWER FROM SOLAR ENERGY ZONES IN RAJASTHA,2024-08-01,0.0,3.6372032422388285,2
N18000307,TRANSMISSION SYSTEM STRENGTHENING SCHEME FOR EVACUATION OF POWER FROM SOLAR ENERGY ZONES IN RAJASTHA,2024-08-01,0.0,3.385419494460969,2
N18000307,TRANSMISSION SYSTEM STRENGTHENING SCHEME FOR EVACUATION OF POWER FROM SOLAR ENERGY ZONES IN RAJASTHA,2024-11-01,0.0,3.287463346280446,2
N18000330,TRANSMISSION SYSTEM STRENGTHENING FOR SRINAGAR-LEH TRANSMISSION SYSTEM,2024-11-01,0.0,0.0,2
N18000330,TRANSMISSION SYSTEM STRENGTHENING FOR SRINAGAR-LEH TRANSMISSION SYSTEM,2024-12-01,0.0,0.0,2
N18000330,TRANSMISSION SYSTEM STRENGTHENING FOR SRINAGAR-LEH TRANSMISSION SYSTEM,2025-01-01,0.0,0.0,2
N18000330,TRANSMISSION SYSTEM STRENGTHENING FOR SRINAGAR-LEH TRANSMISSION SYSTEM,2025-02-01,0.0,0.0,2
N18000330,TRANSMISSION SYSTEM STRENGTHENING FOR SRINAGAR-LEH TRANSMISSION SYSTEM,2025-03-01,0.0,0.0,2
N18000330,TRANSMISSION SYSTEM STRENGTHENING FOR SRINAGAR-LEH TRANSMISSION SYSTEM,2025-04-01,0.0,0.0,2
N18000330,TRANSMISSION SYSTEM STRENGTHENING FOR SRINAGAR-LEH TRANSMISSION SYSTEM,2025-05-01,0.0,0.0,2
N18000330,TRANSMISSION SYSTEM STRENGTHENING FOR SRINAGAR-LEH TRANSMISSION SYSTEM,2025-06-01,0.0,0.0,2
N18000355,TRANSMISSION SYSTEM ASSOCIATED WITH WESTERN REGION EXPANSION SCHEME-XXVIII AND XXIX,2024-08-01,0.0,0.0,2
N18000355,TRANSMISSION SYSTEM ASSOCIATED WITH WESTERN REGION EXPANSION SCHEME-XXVIII AND XXIX,2024-09-01,0.0,0.0,2
N18000355,TRANSMISSION SYSTEM ASSOCIATED WITH WESTERN REGION EXPANSION SCHEME- XXVIII AND XXIX,2024-11-01,0.0,0.0,2
N18000355,TRANSMISSION SYSTEM ASSOCIATED WITH WESTERN REGION EXPANSION SCHEME- XXVIII AND XXIX,2024-12-01,0.0,0.0,2
N18000355,TRANSMISSION SYSTEM ASSOCIATED WITH WESTERN REGION EXPANSION SCHEME-XXVIII AND XXIX,2025-01-01,0.0,0.0,2
N18000355,TRANSMISSION SYSTEM ASSOCIATED WITH WESTERN REGION EXPANSION SCHEME- XXVIII AND XXIX,2025-02-01,0.0,0.0,2
N18000355,TRANSMISSION SYSTEM ASSOCIATED WITH WESTERN REGION EXPANSION SCHEME- XXVIII AND XXIX,2025-03-01,0.0,0.0,2
N18000356,TRANSMISSION SYSTEM SCHEME FOR EVACUATION OF POWER FROM REZ RAJASTHAN (8.1 GW) UNDER PHASE-II PART,2024-08-01,0.0,0.0,2
N18000356,1346  TRANSMISSION SYSTEM SCHEME FOR EVACUATION OF POWER FROM REZ RAJASTHAN (8.1 GW) UNDER PHASE-II PART,2024-09-01,0.0,0.0,2
N18000356,TRANSMISSION SYSTEM SCHEME FOR EVACUATION OF POWER FROM REZ RAJASTHAN (8.1 GW) UNDER PHASE-II PART,2024-12-01,0.0,0.0,2
N18000356,TRANSMISSION SYSTEM SCHEME FOR EVACUATION OF POWER FROM REZ RAJASTHAN (8.1 GW) UNDER PHASE-II PART,2025-01-01,0.0,0.0,2
N18000356,TRANSMISSION SYSTEM SCHEME FOR EVACUATION OF POWER FROM REZ RAJASTHAN (8.1 GW) UNDER PHASE-II PART,2025-02-01,0.0,0.0,2
N18000356,TRANSMISSION SYSTEM SCHEME FOR EVACUATION OF POWER FROM REZ RAJASTHAN (8.1 GW) UNDER PHASE-II PART,2025-03-01,0.0,0.0,2
N18000356,TRANSMISSION SYSTEM SCHEME FOR EVACUATION OF POWER FROM REZ RAJASTHAN (8.1 GW) UNDER PHASE-II PART,2025-04-01,0.0,0.0,2
N18000356,TRANSMISSION SYSTEM SCHEME FOR EVACUATION OF POWER FROM REZ RAJASTHAN (8.1 GW) UNDER PHASE-II PART,2025-05-01,0.0,0.0,2
N18000356,TRANSMISSION SYSTEM SCHEME FOR EVACUATION OF POWER FROM REZ RAJASTHAN (8.1 GW) UNDER PHASE-II PART,2025-06-01,0.0,0.0,2
N18000360,"KHAVDA PHASE-II-PART B, GUJARAT- TRANSMISSION SCHEME FOR EVACUATION OF 4.5 GW RE INJECTION AT KHAVDA",2024-08-01,0.0,0.0,2
N18000360,"KHAVDA PHASE-II-PART B, GUJARAT- TRANSMISSION SCHEME FOR EVACUATION OF 4.5 GW RE INJECTION AT KHAVDA",2024-09-01,0.0,0.0,2
N18000360,"KHAVDA PHASE-II-PART B, GUJARAT- TRANSMISSION SCHEME FOR EVACUATION OF 4.5 GW RE INJECTION AT KHAVDA",2024-11-01,0.0,0.0,2
N18000360,"KHAVDA PHASE-II-PART B, GUJARAT- TRANSMISSION SCHEME FOR EVACUATION OF 4.5 GW RE INJECTION AT KHAVDA",2024-12-01,0.0,0.0,2
N18000360,"KHAVDA PHASE-II-PART B, GUJARAT- TRANSMISSION SCHEME FOR EVACUATION OF 4.5 GW RE INJECTION AT KHAVDA",2025-01-01,0.0,0.0,2
N18000360,"KHAVDA PHASE-II-PART B, GUJARAT- TRANSMISSION SCHEME FOR EVACUATION OF 4.5 GW RE INJECTION AT KHAVDA",2025-02-01,0.0,0.0,2
N18000360,"KHAVDA PHASE-II-PART B, GUJARAT- TRANSMISSION SCHEME FOR EVACUATION OF 4.5 GW RE INJECTION AT KHAVDA",2025-03-01,0.0,0.0,2
N18000360,"KHAVDA PHASE-II-PART B, GUJARAT- TRANSMISSION SCHEME FOR EVACUATION OF 4.5 GW RE INJECTION AT KHAVDA",2025-04-01,0.0,0.0,2
N18000360,"KHAVDA PHASE-II-PART B, GUJARAT- TRANSMISSION SCHEME FOR EVACUATION OF 4.5 GW RE INJECTION AT KHAVDA",2025-05-01,0.0,0.0,2
N18000360,"KHAVDA PHASE-II-PART B, GUJARAT- TRANSMISSION SCHEME FOR EVACUATION OF 4.5 GW RE INJECTION AT KHAVDA",2025-06-01,0.0,0.0,2
N18000377,TS FOR EVACUATION OF 7GW RE INJECTION AT KHAVDA PS UNDER PHASE-IV PART E4,2024-09-01,0.0,0.0,2
N18000377,TS FOR EVACUATION OF 7GW RE INJECTION AT KHAVDA PS UNDER PHASE-IV PART E4,2024-11-01,0.0,0.0,2
N18000377,TS FOR EVACUATION OF 7GW RE INJECTION AT KHAVDA PS UNDER PHASE-IV PART E4,2024-12-01,0.0,0.0,2
N18000377,TS FOR EVACUATION OF 7GW RE INJECTION AT KHAVDA PS UNDER PHASE-IV PART E4,2025-01-01,0.0,0.0,2
N18000377,TS FOR EVACUATION OF 7GW RE INJECTION AT KHAVDA PS UNDER PHASE-IV PART E4,2025-02-01,0.0,0.0,2
N18000377,TS FOR EVACUATION OF 7GW RE INJECTION AT KHAVDA PS UNDER PHASE-IV PART E4,2025-03-01,0.0,0.0,2
N18000377,TS FOR EVACUATION OF 7GW RE INJECTION AT KHAVDA PS UNDER PHASE-IV PART E4,2025-04-01,0.0,0.0,2
N18000377,TS FOR EVACUATION OF 7GW RE INJECTION AT KHAVDA PS UNDER PHASE- IV PART E4,2025-05-01,0.0,0.0,2
N18000377,TS FOR EVACUATION OF 7GW RE INJECTION AT KHAVDA PS UNDER PHASE-IV PART E4,2025-06-01,0.0,0.0,2
N18000390,TS FOR EVACUATION OF POWER FROM 7GW REZ IN KHAVDA AREA UNDER PHASE-IV PART E2,2024-09-01,0.0,0.0,2
N18000390,TS FOR EVACUATION OF POWER FROM 7GW REZ IN KHAVDA AREA UNDER PHASE-IV PART E2,2024-11-01,0.0,0.0,2
N18000390,TS FOR EVACUATION OF POWER FROM 7GW REZ IN KHAVDA AREA UNDER PHASE-IV PART E2,2024-12-01,0.0,0.0,2
N18000390,TS FOR EVACUATION OF POWER FROM 7GW REZ IN KHAVDA AREA UNDER PHASE-IV PART E2,2025-01-01,0.0,0.0,2
N18000390,TS FOR EVACUATION OF POWER FROM 7GW REZ IN KHAVDA AREA UNDER PHASE-IV PART E2,2025-02-01,0.0,0.0,2
N18000390,TS FOR EVACUATION OF POWER FROM 7GW REZ IN KHAVDA AREA UNDER PHASE-IV PART E2,2025-03-01,0.0,0.0,2
N18000390,TS FOR EVACUATION OF POWER FROM 7GW REZ IN KHAVDA AREA UNDER PHASE-IV PART E2,2025-04-01,0.0,0.0,2
N18000390,TS FOR EVACUATION OF POWER FROM 7GW REZ IN KHAVDA AREA UNDER PHASE- IV PART E2,2025-05-01,0.0,0.0,2
N18000390,TS FOR EVACUATION OF POWER FROM 7GW REZ IN KHAVDA AREA UNDER PHASE-IV PART E2,2025-06-01,0.0,0.0,2
N18000392,TS FOR EVACUATION POWER RAJASTHAN REZ PH-IV (PART- 2:5.5GW) (JAISALMER/BARMER COMPLEX): PART-C,2024-11-01,0.0,0.0,2
N18000392,TS FOR EVACUATION POWER RAJASTHAN REZ PH-IV (PART-2:5.5GW) (JAISALMER/BARMER COMPLEX): PART-C,2024-12-01,0.0,0.0,2
N18000392,TS FOR EVACUATION POWER RAJASTHAN REZ PH-IV (PART-2:5.5GW) (JAISALMER/BARMER COMPLEX): PART- C,2025-01-01,0.0,0.0,2
N18000392,TS FOR EVACUATION POWER RAJASTHAN REZ PH-IV (PART- 2:5.5GW) (JAISALMER/BARMER COMPLEX): PART-C,2025-02-01,0.0,0.0,2
N18000392,TS FOR EVACUATION POWER RAJASTHAN REZ PH-IV (PART- 2:5.5GW) (JAISALMER/BARMER COMPLEX): PART-C,2025-03-01,0.0,0.0,2
N18000392,TS FOR EVACUATION POWER RAJASTHAN REZ PH-IV (PART- 2:5.5GW) (JAISALMER/BARMER COMPLEX): PART-C,2025-04-01,0.0,0.0,2
N18000392,TS FOR EVACUATION POWER RAJASTHAN REZ PH-IV (PART-2:5.5GW) (JAISALMER/BARMER COMPLEX): PART-C,2025-05-01,0.0,0.0,2
N18000392,TS FOR EVACUATION POWER RAJASTHAN REZ PH-IV (PART-2:5.5GW) (JAISALMER/BARMER COMPLEX): PART- C,2025-06-01,0.0,0.0,2
N18000397,TRANSMISSION SYSTEM STRENGTHENING FOR INTERCONNECTIONS OF BHADLA-III AND BIKANER III COMPLEX [SPV NA,2025-02-01,0.0,0.0,2
N18000397,TRANSMISSION SYSTEM STRENGTHENING FOR INTERCONNECTIONS OF BHADLA- III AND BIKANER III COMPLEX [SPV NA,2025-03-01,0.0,0.0,2
N18000397,TRANSMISSION SYSTEM STRENGTHENING FOR INTERCONNECTIONS OF BHADLA-III AND BIKANER III COMPLEX [SPV NA,2025-04-01,0.0,0.0,2
N18000397,TRANSMISSION SYSTEM STRENGTHENING FOR INTERCONNECTIONS OF BHADLA-III AND BIKANER III COMPLEX [SPV NA,2025-05-01,0.0,0.0,2
N18000397,TRANSMISSION SYSTEM STRENGTHENING FOR INTERCONNECTIONS OF BHADLA-III AND BIKANER III COMPLEX [SPV NA,2025-06-01,0.0,0.0,2
N18000399,TRANSMISSION SYSTEM FOR EVACUATION OF POWER FROM RAJASTHAN REZ PH-IV [PART-2 5.5GW] [JAISALMER/BARME,2025-01-01,0.0,0.0,2
N18000399,TRANSMISSION SYSTEM FOR EVACUATION OF POWER FROM RAJASTHAN REZ PH-IV [PART-2 5.5GW] [JAISALMER/BARME,2025-02-01,0.0,0.0,2
N18000399,TRANSMISSION SYSTEM FOR EVACUATION OF POWER FROM RAJASTHAN REZ PH-IV [PART-2 5.5GW] [JAISALMER/BARME,2025-03-01,0.0,0.0,2
N18000399,TRANSMISSION SYSTEM FOR EVACUATION OF POWER FROM RAJASTHAN REZ PH-IV [PART-2 5.5GW] [JAISALMER/BARME,2025-04-01,0.0,0.0,2
N18000399,TRANSMISSION SYSTEM FOR EVACUATION OF POWER FROM RAJASTHAN REZ PH-IV [PART-2 5.5GW] [JAISALMER/BARME,2025-05-01,0.0,0.0,2
N18000399,TRANSMISSION SYSTEM FOR EVACUATION OF POWER FROM RAJASTHAN REZ PH-IV [PART-2 5.5GW] [JAISALMER/BARME,2025-06-01,0.0,0.0,2
602223,Comprehensive Scheme for Strengthening of Transmission and Distribution [T&D] Systems [CSST&DS] in Arunachal Pradesh and Sikkim,2025-07-01,0.0,91.59097982625309,3
602223,Comprehensive Scheme for Strengthening of Transmission and Distribution [T&D] Systems [CSST&DS] in Arunachal Pradesh and Sikkim,2025-08-01,92.0175331586187,91.54019966763822,3
602223,Comprehensive Scheme for Strengthening of Transmission and Distribution [T&D] Systems [CSST&DS] in Arunachal Pradesh and Sikkim,2025-09-01,92.0175331586187,91.54019966763822,3
602223,Comprehensive Scheme for Strengthening of Transmission and Distribution [T&D] Systems [CSST&DS] in Arunachal Pradesh and Sikkim,2025-10-01,92.0175331586187,91.54019966763822,3
602223,Comprehensive Scheme for Strengthening of Transmission and Distribution [T&D] Systems [CSST&DS] in Arunachal Pradesh and Sikkim,2025-11-01,92.0175331586187,91.54019966763822,3
602223,Comprehensive Scheme for Strengthening of Transmission and Distribution [T&D] Systems [CSST&DS] in Arunachal Pradesh and Sikkim,2025-12-01,92.0175331586187,91.54019966763822,3
602223,Comprehensive Scheme for Strengthening of Transmission and Distribution [T&D] Systems [CSST&DS] in Arunachal Pradesh and Sikkim,2026-01-01,92.0175331586187,91.54019966763822,3
602223,Comprehensive Scheme for Strengthening of Transmission and Distribution [T&D] Systems [CSST&DS] in Arunachal Pradesh and Sikkim,2026-02-01,92.0175331586187,91.54019966763822,3
602223,Comprehensive Scheme for Strengthening of Transmission and Distribution [T&D] Systems [CSST&DS] in Arunachal Pradesh and Sikkim,2026-03-01,92.0175331586187,91.54019966763822,3
602223,Comprehensive Scheme for Strengthening of Transmission and Distribution [T&D] Systems [CSST&DS] in Arunachal Pradesh and Sikkim,2026-04-01,92.0175331586187,91.54019966763822,3
602223,Comprehensive Scheme for Strengthening of Transmission and Distribution [T&D] Systems [CSST&DS] in Arunachal Pradesh and Sikkim,2026-05-01,92.0175331586187,91.54019966763822,3
602223,Comprehensive Scheme for Strengthening of Transmission and Distribution [T&D] Systems [CSST&DS] in Arunachal Pradesh and Sikkim,2026-06-01,92.0175331586187,91.54019966763822,3
608302,Transmission system for evacuation of Power from Pakaldul HEP in Chenab Valley HEPs - LTA System,2025-07-01,0.0,-0.0039440762320281444,3
608302,Transmission system for evacuation of Power from Pakaldul HEP in Chenab Valley HEPs - LTA System,2025-08-01,0.0,-0.0033085030299696214,3
608302,Transmission system for evacuation of Power from Pakaldul HEP in Chenab Valley HEPs - LTA System,2025-09-01,0.0,-0.005528868758032084,3
608302,Transmission system for evacuation of Power from Pakaldul HEP in Chenab Valley HEPs - LTA System,2025-10-01,0.0,3.3190226590836507,3
617179,Transmission Scheme for evacuation of Power from Ratle HEP [850 MW] & kiru [624 MW] Part B,2025-09-01,0.0,0.0,3
617179,Transmission Scheme for evacuation of Power from Ratle HEP [850 MW] & kiru [624 MW] Part B,2025-10-01,0.0,0.0,3
617179,Transmission Scheme for evacuation of Power from Ratle HEP [850 MW] & kiru [624 MW] Part B,2026-01-01,0.0,0.0,3
617179,Transmission Scheme for evacuation of Power from Ratle HEP [850 MW] & kiru [624 MW] Part B,2026-02-01,0.0,0.0,3
617179,Transmission Scheme for evacuation of Power from Ratle HEP [850 MW] & kiru [624 MW] Part B,2026-03-01,0.0,0.0,3
617179,Transmission Scheme for evacuation of Power from Ratle HEP [850 MW] & kiru [624 MW] Part B,2026-04-01,0.0,0.0,3
617179,Transmission Scheme for evacuation of Power from Ratle HEP [850 MW] & kiru [624 MW] Part B,2026-05-01,0.0,0.0,3
617179,Transmission Scheme for evacuation of Power from Ratle HEP [850 MW] & kiru [624 MW] Part B,2026-06-01,0.0,0.0,3
617269,Transmission System for Strengthening to facilitate evacuation of power from Bhadla/Bikaner Complex,2026-06-01,0.0,0.0,3
617270,Eastern Region  Expansion Scheme-44 [ERES-44],2025-10-01,0.0,0.0,3
617270,Eastern Region  Expansion Scheme-44 [ERES-44],2025-11-01,0.0,0.0,3
617270,Eastern Region  Expansion Scheme-44 [ERES-44],2025-12-01,0.0,0.0,3
617270,Eastern Region  Expansion Scheme-44 [ERES-44],2026-01-01,0.0,0.0,3
617270,Eastern Region  Expansion Scheme-44 [ERES-44],2026-02-01,0.0,0.0,3
617270,Eastern Region  Expansion Scheme-44 [ERES-44],2026-03-01,0.0,0.0,3
617270,Eastern Region  Expansion Scheme-44 [ERES-44],2026-04-01,0.0,0.0,3
617270,Eastern Region  Expansion Scheme-44 [ERES-44],2026-05-01,0.0,0.0,3
617270,Eastern Region  Expansion Scheme-44 [ERES-44],2026-06-01,0.0,0.0,3
N18000306,TRANSMISSION SYSTEM STRENGTHENING SCHEME FOR EVACUATION OF POWER FROM SOLAR ENERGY ZONES IN RAJASTHA,2024-08-01,0.0,6.392015829575265,3
N18000306,TRANSMISSION SYSTEM STRENGTHENING SCHEME FOR EVACUATION OF POWER FROM SOLAR ENERGY ZONES IN RAJASTHA,2024-11-01,0.0,7.3182029033622635,3
N18000338,TRANSMISSION NETWORK EXPANSION IN GUJARAT TO INCREASE ATC FROM ISTS: PART C,2024-08-01,0.0,0.0,3
N18000338,TRANSMISSION NETWORK EXPANSION IN GUJARAT TO INCREASE ATC FROM ISTS: PART C,2024-11-01,0.0,-0.00015702396756739998,3
N18000338,TRANSMISSION NETWORK EXPANSION IN GUJARAT TO INCREASE ATC FROM ISTS: PART C,2024-12-01,0.0,-0.00011776797567555,3
N18000338,TRANSMISSION NETWORK EXPANSION IN GUJARAT TO INCREASE ATC FROM ISTS: PART C,2025-01-01,0.0,0.0,3
N18000338,TRANSMISSION NETWORK EXPANSION IN GUJARAT TO INCREASE ATC FROM ISTS: PART C,2025-02-01,0.0,-0.000822792377353394,3
N18000338,TRANSMISSION NETWORK EXPANSION IN GUJARAT TO INCREASE ATC FROM ISTS: PART C,2025-03-01,0.0,0.0,3
N18000353,ER WR TRANSMISSION LIMITED,2024-08-01,0.0,0.0,3
N18000353,ER WR TRANSMISSION LIMITED,2024-11-01,0.0,0.0,3
N18000353,ER WR TRANSMISSION LIMITED,2024-12-01,0.0,0.0,3
N18000353,ER WR TRANSMISSION LIMITED,2025-01-01,0.0,0.0,3
N18000353,ER WR TRANSMISSION LIMITED,2025-02-01,0.0,0.0,3
N18000353,ER WR TRANSMISSION LIMITED,2025-03-01,0.0,0.0,3
N18000353,ER WR TRANSMISSION LIMITED,2025-04-01,0.0,-0.0006808110593815128,3
N18000353,ER WR TRANSMISSION LIMITED,2025-05-01,0.0,-7.851198378369999e-05,3
N18000353,ER WR TRANSMISSION LIMITED,2025-06-01,0.0,3.318328066707734,3
N18000354,TRANSMISSION SYSTEM ASSOCIATED WITH WESTERN REGION EXPANSION SCHEME XXVII,2024-08-01,0.0,0.0,3
N18000354,TRANSMISSION SYSTEM ASSOCIATED WITH WESTERN REGION EXPANSION SCHEME XXVII,2024-09-01,0.0,0.0,3
N18000354,TRANSMISSION SYSTEM ASSOCIATED WITH WESTERN REGION EXPANSION SCHEME XXVII,2024-11-01,0.0,0.0,3
N18000354,TRANSMISSION SYSTEM ASSOCIATED WITH WESTERN REGION EXPANSION SCHEME XXVII,2024-12-01,0.0,0.0,3
N18000354,TRANSMISSION SYSTEM ASSOCIATED WITH WESTERN REGION EXPANSION SCHEME XXVII,2025-01-01,0.0,0.0,3
N18000354,TRANSMISSION SYSTEM ASSOCIATED WITH WESTERN REGION EXPANSION SCHEME XXVII,2025-02-01,0.0,-0.000130237404182468,3
N18000354,TRANSMISSION SYSTEM ASSOCIATED WITH WESTERN REGION EXPANSION SCHEME XXVII,2025-03-01,0.0,-0.000130237404182468,3
N18000359,"KHAVDA-2, GUJARAT- ESTABLISHMENT OF KHAVDA POOLING STATION-2 (KPS2) IN KHAVDA RE PARK",2024-08-01,0.0,0.0,3
N18000359,"KHAVDA-2, GUJARAT- ESTABLISHMENT OF KHAVDA POOLING STATION-2 (KPS2) IN KHAVDA RE PARK",2024-09-01,0.0,0.0,3
N18000359,"KHAVDA-2, GUJARAT- ESTABLISHMENT OF KHAVDA POOLING STATION-2 (KPS2) IN KHAVDA RE PARK",2024-11-01,0.0,0.0,3
N18000359,"KHAVDA-2, GUJARAT- ESTABLISHMENT OF KHAVDA POOLING STATION-2 (KPS2) IN KHAVDA RE PARK",2024-12-01,0.0,0.0,3
N18000359,"KHAVDA-2, GUJARAT- ESTABLISHMENT OF KHAVDA POOLING STATION-2 (KPS2) IN KHAVDA RE PARK",2025-01-01,0.0,0.0,3
N18000359,"KHAVDA-2, GUJARAT- ESTABLISHMENT OF KHAVDA POOLING STATION-2 (KPS2) IN KHAVDA RE PARK",2025-02-01,0.0,0.0,3
N18000359,"KHAVDA-2, GUJARAT- ESTABLISHMENT OF KHAVDA POOLING STATION-2 (KPS2) IN KHAVDA RE PARK",2025-03-01,0.0,0.0,3
N18000359,"KHAVDA-2, GUJARAT- ESTABLISHMENT OF KHAVDA POOLING STATION-2 (KPS2) IN KHAVDA RE PARK",2025-04-01,0.0,-0.00010468264504493335,3
N18000359,"KHAVDA-2, GUJARAT- ESTABLISHMENT OF KHAVDA POOLING STATION-2 (KPS2) IN KHAVDA RE PARK",2025-05-01,0.0,-0.0012315604893208163,3
N18000359,"KHAVDA-2, GUJARAT- ESTABLISHMENT OF KHAVDA POOLING STATION-2 (KPS2) IN KHAVDA RE PARK",2025-06-01,0.0,-0.004367583021155268,3
N18000376,TS FOR EVACUATION POWER FROM REZ IN RAJASTHAN (20GW) UNDER PHASE-III PART B1,2024-08-01,0.0,0.0,3
N18000376,TS FOR EVACUATION POWER FROM REZ IN RAJASTHAN (20GW) UNDER PHASE-III PART B1,2024-11-01,0.0,0.0,3
N18000376,TS FOR EVACUATION POWER FROM REZ IN RAJASTHAN (20GW) UNDER PHASE-III PART B1,2024-12-01,0.0,0.0,3
N18000376,TS FOR EVACUATION POWER FROM REZ IN RAJASTHAN (20GW) UNDER PHASE-III PART B1,2025-01-01,0.0,0.0,3
N18000376,TS FOR EVACUATION POWER FROM REZ IN RAJASTHAN (20GW) UNDER PHASE-III PART B1,2025-02-01,0.0,0.0,3
N18000376,TS FOR EVACUATION POWER FROM REZ IN RAJASTHAN (20GW) UNDER PHASE-III PART B1,2025-03-01,0.0,0.0,3
N18000376,TS FOR EVACUATION POWER FROM REZ IN RAJASTHAN (20GW) UNDER PHASE-III PART B1,2025-04-01,0.0,0.0,3
N18000376,TS FOR EVACUATION POWER FROM REZ IN RAJASTHAN (20GW) UNDER PHASE-III PART B1,2025-05-01,0.0,0.0,3
N18000376,TS FOR EVACUATION POWER FROM REZ IN RAJASTHAN (20GW) UNDER PHASE-III PART B1,2025-06-01,0.0,0.0,3
N18000386,TS FOR EVACUATION OF POWER FROM RAJASTHAN REZ PH-IV (PART-1) [BIKANER COMPLEX] PART A [BIKANER III N,2024-08-01,0.0,0.0,3
N18000386,TS FOR EVACUATION OF POWER FROM RAJASTHAN REZ PH-IV (PART-1) [BIKANER COMPLEX] PART A [BIKANER III N,2024-11-01,0.0,0.0,3
N18000386,TS FOR EVACUATION OF POWER FROM RAJASTHAN REZ PH-IV (PART-1) [BIKANER COMPLEX] PART A [BIKANER III N,2024-12-01,0.0,0.0,3
N18000386,TS FOR EVACUATION OF POWER FROM RAJASTHAN REZ PH-IV (PART-1) [BIKANER COMPLEX] PART A [BIKANER III N,2025-01-01,0.0,0.0,3
N18000386,TS FOR EVACUATION OF POWER FROM RAJASTHAN REZ PH-IV (PART-1) [BIKANER COMPLEX] PART A [BIKANER III N,2025-02-01,0.0,0.0,3
N18000386,TS FOR EVACUATION OF POWER FROM RAJASTHAN REZ PH-IV (PART-1) [BIKANER COMPLEX] PART A [BIKANER III N,2025-03-01,0.0,0.0,3
N18000386,TS FOR EVACUATION OF POWER FROM RAJASTHAN REZ PH-IV (PART-1) [BIKANER COMPLEX] PART A [BIKANER III N,2025-04-01,0.0,0.0,3
N18000386,TS FOR EVACUATION OF POWER FROM RAJASTHAN REZ PH-IV (PART-1) [BIKANER COMPLEX] PART A [BIKANER III N,2025-05-01,0.0,0.0,3
N18000386,TS FOR EVACUATION OF POWER FROM RAJASTHAN REZ PH-IV (PART-1) [BIKANER COMPLEX] PART A [BIKANER III N,2025-06-01,0.0,0.0,3
N18000391,TS FOR EVACUATION POWER FROM RAJASTHAN REZ PH-IV (PART-2:5.5GW) PART-B (JAISALMER/BARMER COMPLEX),2024-11-01,0.0,0.0,3
N18000391,TS FOR EVACUATION POWER FROM RAJASTHAN REZ PH-IV (PART-2:5.5GW) PART- B (JAISALMER/BARMER COMPLEX),2024-12-01,0.0,0.0,3
N18000391,TS FOR EVACUATION POWER FROM RAJASTHAN REZ PH-IV (PART-2:5.5GW) PART-B (JAISALMER/BARMER COMPLEX),2025-01-01,0.0,0.0,3
N18000391,TS FOR EVACUATION POWER FROM RAJASTHAN REZ PH-IV (PART-2:5.5GW) PART-B (JAISALMER/BARMER COMPLEX),2025-02-01,0.0,0.0,3
N18000391,TS FOR EVACUATION POWER FROM RAJASTHAN REZ PH-IV (PART-2:5.5GW) PART-B (JAISALMER/BARMER COMPLEX),2025-03-01,0.0,0.0,3
N18000391,TS FOR EVACUATION POWER FROM RAJASTHAN REZ PH-IV (PART-2:5.5GW) PART-B (JAISALMER/BARMER COMPLEX),2025-04-01,0.0,0.0,3
N18000391,TS FOR EVACUATION POWER FROM RAJASTHAN REZ PH-IV (PART-2:5.5GW) PART-B (JAISALMER/BARMER COMPLEX),2025-05-01,0.0,0.0,3
N18000391,TS FOR EVACUATION POWER FROM RAJASTHAN REZ PH-IV (PART-2:5.5GW) PART-B (JAISALMER/BARMER COMPLEX),2025-06-01,0.0,0.0,3
N18000396,ADDITIONAL TRANSMISSION SYSTEM FOR EVACUATION OF POWER FROM BHADLA-III PS AS PART OF RAJASTHAN REZ P,2025-02-01,0.0,0.0,3
N18000396,ADDITIONAL TRANSMISSION SYSTEM FOR EVACUATION OF POWER FROM BHADLA-III PS AS PART OF RAJASTHAN REZ P,2025-03-01,0.0,0.0,3
N18000396,ADDITIONAL TRANSMISSION SYSTEM FOR EVACUATION OF POWER FROM BHADLA-III PS AS PART OF RAJASTHAN REZ P,2025-04-01,0.0,0.0,3
N18000396,ADDITIONAL TRANSMISSION SYSTEM FOR EVACUATION OF POWER FROM BHADLA-III PS AS PART OF RAJASTHAN REZ P,2025-05-01,0.0,0.0,3
N18000396,ADDITIONAL TRANSMISSION SYSTEM FOR EVACUATION OF POWER FROM BHADLA-III PS AS PART OF RAJASTHAN REZ P,2025-06-01,0.0,0.0,3
606781,Transmission System for Strengthening of Srinagar-Leh Tr. System,2025-07-01,0.0,0.0,4
606781,Transmission System for Strengthening of Srinagar-Leh Tr. System,2025-08-01,0.0,0.0,4
606781,Transmission System for Strengthening of Srinagar-Leh Tr. System,2025-09-01,0.0,0.0770785457491663,4
606781,Transmission System for Strengthening of Srinagar-Leh Tr. System,2025-10-01,0.0,0.25352740848546734,4
612138,"Transmission Scheme for Solar Energy Zone in Bidar [2500 MW], Karnataka [Bidar Transmission Ltd]",2025-09-01,0.0,0.0,4
612138,"Transmission Scheme for Solar Energy Zone in Bidar [2500 MW], Karnataka [Bidar Transmission Ltd]",2025-10-01,0.0,0.0,4
612138,"Transmission Scheme for Solar Energy Zone in Bidar [2500 MW], Karnataka [Bidar Transmission Ltd]",2025-11-01,0.0,0.0,4
612138,"Transmission Scheme for Solar Energy Zone in Bidar [2500 MW], Karnataka [Bidar Transmission Ltd]",2025-12-01,0.0,0.0,4
612138,"Transmission Scheme for Solar Energy Zone in Bidar [2500 MW], Karnataka [Bidar Transmission Ltd]",2026-01-01,0.0,0.0,4
612138,"Transmission Scheme for Solar Energy Zone in Bidar [2500 MW], Karnataka [Bidar Transmission Ltd]",2026-03-01,0.0,0.0,4
612139,Transmission system for Evacuation of Additional 7 GW RE power from Khavda RE park under Phase-III Part B [Vataman Transmission Limited],2025-07-01,0.0,0.0,4
612139,Transmission system for Evacuation of Additional 7 GW RE power from Khavda RE park under Phase-III Part B [Vataman Transmission Limited],2025-08-01,0.0,0.0,4
612139,Transmission system for Evacuation of Additional 7 GW RE power from Khavda RE park under Phase-III Part B [Vataman Transmission Limited],2025-09-01,0.0,0.0,4
612139,Transmission system for Evacuation of Additional 7 GW RE power from Khavda RE park under Phase-III Part B [Vataman Transmission Limited],2025-10-01,0.0,0.0,4
612139,Transmission system for Evacuation of Additional 7 GW RE power from Khavda RE park under Phase-III Part B [Vataman Transmission Limited],2025-11-01,0.0,0.0,4
612139,Transmission system for Evacuation of Additional 7 GW RE power from Khavda RE park under Phase-III Part B [Vataman Transmission Limited],2025-12-01,0.0,0.0,4
612139,Transmission system for Evacuation of Additional 7 GW RE power from Khavda RE park under Phase-III Part B [Vataman Transmission Limited],2026-01-01,0.0,0.0,4
612139,Transmission system for Evacuation of Additional 7 GW RE power from Khavda RE park under Phase-III Part B [Vataman Transmission Limited],2026-02-01,0.0,0.0,4
612139,Transmission system for Evacuation of Additional 7 GW RE power from Khavda RE park under Phase-III Part B [Vataman Transmission Limited],2026-03-01,0.0,0.0,4
612140,Transmission Scheme for Integration of Renewable Energy Zone [Phase II] in Koppal II [Phase A&B] and gadag II[Phase A] in Karnataka [POWERGRID KOPPAL GADAG TRANSMISSION LIMITED],2025-08-01,0.0,0.0,4
612140,Transmission Scheme for Integration of Renewable Energy Zone [Phase II] in Koppal II [Phase A&B] and gadag II[Phase A] in Karnataka [POWERGRID KOPPAL GADAG TRANSMISSION LIMITED],2025-09-01,0.0,0.0,4
612140,Transmission Scheme for Integration of Renewable Energy Zone [Phase II] in Koppal II [Phase A&B] and gadag II[Phase A] in Karnataka [POWERGRID KOPPAL GADAG TRANSMISSION LIMITED],2025-10-01,0.0,0.0,4
612140,Transmission Scheme for Integration of Renewable Energy Zone [Phase II] in Koppal II [Phase A&B] and gadag II[Phase A] in Karnataka [POWERGRID KOPPAL GADAG TRANSMISSION LIMITED],2025-11-01,0.0,0.0,4
612140,Transmission Scheme for Integration of Renewable Energy Zone [Phase II] in Koppal II [Phase A&B] and gadag II[Phase A] in Karnataka [POWERGRID KOPPAL GADAG TRANSMISSION LIMITED],2025-12-01,0.0,0.0,4
612140,Transmission Scheme for Integration of Renewable Energy Zone [Phase II] in Koppal II [Phase A&B] and gadag II[Phase A] in Karnataka [POWERGRID KOPPAL GADAG TRANSMISSION LIMITED],2026-01-01,0.0,0.0,4
612140,Transmission Scheme for Integration of Renewable Energy Zone [Phase II] in Koppal II [Phase A&B] and gadag II[Phase A] in Karnataka [POWERGRID KOPPAL GADAG TRANSMISSION LIMITED],2026-02-01,0.0,0.0,4
612140,Transmission Scheme for Integration of Renewable Energy Zone [Phase II] in Koppal II [Phase A&B] and gadag II[Phase A] in Karnataka [POWERGRID KOPPAL GADAG TRANSMISSION LIMITED],2026-03-01,0.0,0.0,4
617326,Implementation of Transmission Systems in the State of Jharkhand consisting of 400/220/132/33 kV transmission lines and substations under Jharkhand Consultancy Project,2025-12-01,0.0,21.331217646761857,4
617326,Implementation of Transmission Systems in the State of Jharkhand consisting of 400/220/132/33 kV transmission lines and substations under Jharkhand Consultancy Project,2026-01-01,0.0,21.331217646761857,4
617326,Implementation of Transmission Systems in the State of Jharkhand consisting of 400/220/132/33 kV transmission lines and substations under Jharkhand Consultancy Project,2026-02-01,0.0,21.331217646761857,4
617326,Implementation of Transmission Systems in the State of Jharkhand consisting of 400/220/132/33 kV transmission lines and substations under Jharkhand Consultancy Project,2026-03-01,0.0,21.67319092977392,4
617326,Implementation of Transmission Systems in the State of Jharkhand consisting of 400/220/132/33 kV transmission lines and substations under Jharkhand Consultancy Project,2026-04-01,0.0,22.010040068970945,4
617326,Implementation of Transmission Systems in the State of Jharkhand consisting of 400/220/132/33 kV transmission lines and substations under Jharkhand Consultancy Project,2026-05-01,0.0,22.010040068970945,4
617326,Implementation of Transmission Systems in the State of Jharkhand consisting of 400/220/132/33 kV transmission lines and substations under Jharkhand Consultancy Project,2026-06-01,0.0,22.010040068970945,4
619029,Transmission System for Reliable Power Supply to Dholera,2026-02-01,0.0,0.0,4
619029,Transmission System for Reliable Power Supply to Dholera,2026-03-01,0.0,0.0,4
619029,Transmission System for Reliable Power Supply to Dholera,2026-04-01,0.0,0.0,4
619029,Transmission System for Reliable Power Supply to Dholera,2026-05-01,0.0,0.0,4
619029,Transmission System for Reliable Power Supply to Dholera,2026-06-01,0.0,0.0,4
900808,Transmission System for Kurnool Wind Energy Zone/ Solar Energy Zone  Part-A and Part-B,2025-07-01,0.0,0.10302266086601862,4
900808,Transmission System for Kurnool Wind Energy Zone/ Solar Energy Zone  Part-A and Part-B,2025-08-01,0.0,0.1686512049691087,4
900808,Transmission System for Kurnool Wind Energy Zone/ Solar Energy Zone  Part-A and Part-B,2025-09-01,0.0,0.16870278893320317,4
900808,Transmission System for Kurnool Wind Energy Zone/ Solar Energy Zone  Part-A and Part-B,2025-10-01,0.0,0.16444682767855137,4
900808,Transmission System for Kurnool Wind Energy Zone/ Solar Energy Zone  Part-A and Part-B,2025-11-01,0.0,0.16580702595707592,4
900808,Transmission System for Kurnool Wind Energy Zone/ Solar Energy Zone  Part-A and Part-B,2025-12-01,0.0,0.16521283368322165,4
900808,Transmission System for Kurnool Wind Energy Zone/ Solar Energy Zone  Part-A and Part-B,2026-01-01,0.0,0.19942171003588754,4
900808,Transmission System for Kurnool Wind Energy Zone/ Solar Energy Zone  Part-A and Part-B,2026-02-01,0.0,0.705807302990486,4
900808,Transmission System for Kurnool Wind Energy Zone/ Solar Energy Zone  Part-A and Part-B,2026-03-01,0.0,2.6069736748283203,4
900808,Transmission System for Kurnool Wind Energy Zone/ Solar Energy Zone  Part-A and Part-B,2026-04-01,0.0,3.2537386169165825,4
900808,Transmission System for Kurnool Wind Energy Zone/ Solar Energy Zone  Part-A and Part-B,2026-05-01,0.0,10.716790264137753,4
N18000184,ESTABLISHMENT OF FIBER OPTIC COMMUNICATION SYSTEM IN NR UNDER FIBER OPTIC EXPANSION PROJECT (ADDITIO,2024-08-01,0.0,13.23331457164172,4
N18000184,ESTABLISHMENT OF FIBER OPTIC COMMUNICATION SYSTEM IN NR UNDER FIBER OPTIC EXPANSION PROJECT (ADDITIO,2024-11-01,0.0,15.828689463926315,4
N18000249,COMPREHENSIVE SCHEME FOR THE STRENGHTENING OF THE TRANSMISSION AND DISTRIBUTION SYSTEM IN A P,2024-08-01,92.0175331586187,45.59408917382819,4
N18000249,1123 COMPREHENSIVE SCHEME FOR THE STRENGHTENING OF THE TRANSMISSION AND DISTRIBUTION SYSTEM IN A P,2024-09-01,92.0175331586187,46.23798590256323,4
N18000249,COMPREHENSIVE SCHEME FOR THE STRENGHTENING OF THE TRANSMISSION AND DISTRIBUTION SYSTEM IN A P,2024-11-01,92.0175331586187,46.690899633315496,4
N18000249,COMPREHENSIVE SCHEME FOR THE STRENGHTENING OF THE TRANSMISSION AND DISTRIBUTION SYSTEM IN A P,2024-12-01,92.0175331586187,46.690899633315496,4
N18000249,COMPREHENSIVE SCHEME FOR THE STRENGHTENING OF THE TRANSMISSION AND DISTRIBUTION SYSTEM IN A P,2025-01-01,92.0175331586187,46.725434458671884,4
N18000249,COMPREHENSIVE SCHEME FOR THE STRENGHTENING OF THE TRANSMISSION AND DISTRIBUTION SYSTEM IN A P,2025-02-01,92.0175331586187,46.725434458671884,4
N18000249,COMPREHENSIVE SCHEME FOR THE STRENGHTENING OF THE TRANSMISSION AND DISTRIBUTION SYSTEM IN A P,2025-03-01,92.0175331586187,82.69182659706252,4
N18000249,COMPREHENSIVE SCHEME FOR THE STRENGHTENING OF THE TRANSMISSION AND DISTRIBUTION SYSTEM IN A P,2025-04-01,92.0175331586187,81.26857090268304,4
N18000249,COMPREHENSIVE SCHEME FOR THE STRENGHTENING OF THE TRANSMISSION AND DISTRIBUTION SYSTEM IN A P,2025-05-01,92.0175331586187,83.05071791433406,4
N18000249,COMPREHENSIVE SCHEME FOR THE STRENGHTENING OF THE TRANSMISSION AND DISTRIBUTION SYSTEM IN A P,2025-06-01,92.0175331586187,83.05071791433406,4
N18000351,EASTERN REGION EXPANSION SCHEME XXIX,2024-08-01,0.0,0.0,4
N18000351,EASTERN REGION EXPANSION SCHEME XXIX,2024-11-01,0.0,0.0,4
N18000351,EASTERN REGION EXPANSION SCHEME XXIX,2024-12-01,0.0,0.0,4
N18000351,EASTERN REGION EXPANSION SCHEME XXIX,2025-01-01,0.0,0.0,4
N18000351,EASTERN REGION EXPANSION SCHEME XXIX,2025-02-01,0.0,0.0,4
N18000351,EASTERN REGION EXPANSION SCHEME XXIX,2025-03-01,0.0,-0.00010468264504493335,4
N18000351,EASTERN REGION EXPANSION SCHEME XXIX,2025-04-01,0.0,0.0,4
N18000351,EASTERN REGION EXPANSION SCHEME XXIX,2025-05-01,0.0,0.0,4
N18000351,EASTERN REGION EXPANSION SCHEME XXIX,2025-06-01,0.0,-0.0026530139651631144,4
N18000374,TS FOR EVACUATION POWER FROM REZ IN RAJASTHAN (20GW) UNDER PHASE-III PART H,2024-08-01,0.0,0.0,4
N18000374,TS FOR EVACUATION POWER FROM REZ IN RAJASTHAN (20GW) UNDER PHASE-III PART H,2024-11-01,0.0,0.0,4
N18000374,TS FOR EVACUATION POWER FROM REZ IN RAJASTHAN (20GW) UNDER PHASE-III PART H,2024-12-01,0.0,0.0,4
N18000374,TS FOR EVACUATION POWER FROM REZ IN RAJASTHAN (20GW) UNDER PHASE-III PART H,2025-01-01,0.0,0.0,4
N18000374,TS FOR EVACUATION POWER FROM REZ IN RAJASTHAN (20GW) UNDER PHASE-III PART H,2025-02-01,0.0,0.0,4
N18000374,TS FOR EVACUATION POWER FROM REZ IN RAJASTHAN (20GW) UNDER PHASE-III PART H,2025-03-01,0.0,-0.00083222702810722,4
N18000374,TS FOR EVACUATION POWER FROM REZ IN RAJASTHAN (20GW) UNDER PHASE-III PART H,2025-04-01,0.0,0.0,4
N18000374,TS FOR EVACUATION POWER FROM REZ IN RAJASTHAN (20GW) UNDER PHASE-III PART H,2025-05-01,0.0,0.0,4
N18000374,TS FOR EVACUATION POWER FROM REZ IN RAJASTHAN (20GW) UNDER PHASE-III PART H,2025-06-01,0.0,0.0,4
N18000379,TS FOR EVACUATION POWER FROM REZ IN RAJASTHAN (20GW) UNDER PHASE-III PART E2,2024-08-01,0.0,0.0,4
N18000379,1354 TS FOR EVACUATION POWER FROM REZ IN RAJASTHAN (20GW) UNDER PHASE-III PART E2,2024-09-01,0.0,0.0,4
N18000379,TS FOR EVACUATION POWER FROM REZ IN RAJASTHAN (20GW) UNDER PHASE-III PART E2,2024-11-01,0.0,0.0,4
N18000379,TS FOR EVACUATION POWER FROM REZ IN RAJASTHAN (20GW) UNDER PHASE-III PART E2,2024-12-01,0.0,0.0,4
N18000379,TS FOR EVACUATION POWER FROM REZ IN RAJASTHAN (20GW) UNDER PHASE-III PART E2,2025-01-01,0.0,0.0,4
N18000379,TS FOR EVACUATION POWER FROM REZ IN RAJASTHAN (20GW) UNDER PHASE-III PART E2,2025-02-01,0.0,0.0,4
N18000379,TS FOR EVACUATION POWER FROM REZ IN RAJASTHAN (20GW) UNDER PHASE-III PART E2,2025-03-01,0.0,0.0,4
N18000379,TS FOR EVACUATION POWER FROM REZ IN RAJASTHAN (20GW) UNDER PHASE-III PART E2,2025-04-01,0.0,0.0,4
N18000379,TS FOR EVACUATION POWER FROM REZ IN RAJASTHAN (20GW) UNDER PHASE-III PART E2,2025-05-01,0.0,0.0,4
N18000379,TS FOR EVACUATION POWER FROM REZ IN RAJASTHAN (20GW) UNDER PHASE-III PART E2,2025-06-01,0.0,0.0,4
N18000389,TS FOR EVACUATION OF POWER FROM REZ IN RAJASTHAN (20GW) UNDER PH-III PART D [SIKAR KHETRI TRANSMISSI,2024-11-01,0.0,0.0,4
N18000389,TS FOR EVACUATION OF POWER FROM REZ IN RAJASTHAN (20GW) UNDER PH-III PART D [SIKAR KHETRI TRANSMISSI,2024-12-01,0.0,0.0,4
N18000389,TS FOR EVACUATION OF POWER FROM REZ IN RAJASTHAN (20GW) UNDER PH-III PART D [SIKAR KHETRI TRANSMISSI,2025-01-01,0.0,0.0,4
N18000389,TS FOR EVACUATION OF POWER FROM REZ IN RAJASTHAN (20GW) UNDER PH-III PART D [SIKAR KHETRI TRANSMISSI,2025-02-01,0.0,0.0,4
N18000389,TS FOR EVACUATION OF POWER FROM REZ IN RAJASTHAN (20GW) UNDER PH-III PART D [SIKAR KHETRI TRANSMISSI,2025-03-01,0.0,0.0,4
N18000389,TS FOR EVACUATION OF POWER FROM REZ IN RAJASTHAN (20GW) UNDER PH- III PART D [SIKAR KHETRI TRANSMISSI,2025-04-01,0.0,0.0,4
N18000389,TS FOR EVACUATION OF POWER FROM REZ IN RAJASTHAN (20GW) UNDER PH-III PART D [SIKAR KHETRI TRANSMISSI,2025-05-01,0.0,0.0,4
N18000389,TS FOR EVACUATION OF POWER FROM REZ IN RAJASTHAN (20GW) UNDER PH-III PART D [SIKAR KHETRI TRANSMISSI,2025-06-01,0.0,0.0,4
611660,Establishment of Khavda Pooling Station-2 KPS2 in Khavda RE Park KPS2 TRANSMISSION SYSTEM LIMITED,2025-07-01,0.0,-0.005355961479077286,5
611660,Establishment of Khavda Pooling Station-2 KPS2 in Khavda RE Park KPS2 TRANSMISSION SYSTEM LIMITED,2025-08-01,0.0,-0.006668283146453608,5
611660,Establishment of Khavda Pooling Station-2 KPS2 in Khavda RE Park KPS2 TRANSMISSION SYSTEM LIMITED,2025-09-01,0.0,-0.008372161677631539,5
611660,Establishment of Khavda Pooling Station-2 KPS2 in Khavda RE Park KPS2 TRANSMISSION SYSTEM LIMITED,2025-10-01,0.0,-0.011134714141080106,5
N18000250,NORTH EASTERN REGION POWER SYSTEM IMPROVEMENT PROJECT (NERPSIP) FOR SIX (6) STATES,2024-08-01,31.08134282075311,11.33836979274114,5
N18000250,NORTH EASTERN REGION POWER SYSTEM IMPROVEMENT PROJECT (NERPSIP) FOR SIX (6) STATES,2024-11-01,31.08134282075311,11.391081153387608,5
N18000250,NORTH EASTERN REGION POWER SYSTEM IMPROVEMENT PROJECT (NERPSIP) FOR SIX (6) STATES,2024-12-01,31.08134282075311,11.390683902347197,5
N18000250,NORTH EASTERN REGION POWER SYSTEM IMPROVEMENT PROJECT (NERPSIP) FOR SIX (6) STATES,2025-01-01,31.08134282075311,11.390683902347197,5
N18000250,NORTH EASTERN REGION POWER SYSTEM IMPROVEMENT PROJECT (NERPSIP) FOR SIX (6) STATES,2025-02-01,31.08134282075311,10.943785348711355,5
N18000250,NORTH EASTERN REGION POWER SYSTEM IMPROVEMENT PROJECT (NERPSIP) FOR SIX (6) STATES,2025-03-01,31.08134282075311,31.00067853790332,5
N18000250,NORTH EASTERN REGION POWER SYSTEM IMPROVEMENT PROJECT (NERPSIP) FOR SIX (6) STATES,2025-04-01,31.08134282075311,29.643204274342406,5
N18000250,NORTH EASTERN REGION POWER SYSTEM IMPROVEMENT PROJECT (NERPSIP) FOR SIX (6) STATES,2025-05-01,31.08134282075311,31.00067853790332,5
N18000250,NORTH EASTERN REGION POWER SYSTEM IMPROVEMENT PROJECT (NERPSIP) FOR SIX (6) STATES,2025-06-01,31.08134282075311,31.0300647603814,5
N18000331,TRANSMISSION SYSTEM STRENGTHENING SCHEME FOR EVACUATION OF POWER FROM SOLAR ENERGY ZONES IN RAJASTHA,2024-08-01,0.0,-0.00024186946491029768,5
N18000331,TRANSMISSION SYSTEM STRENGTHENING SCHEME FOR EVACUATION OF POWER FROM SOLAR ENERGY ZONES IN RAJASTHA,2024-11-01,0.0,-0.0002505519585224622,5
N18000331,TRANSMISSION SYSTEM STRENGTHENING SCHEME FOR EVACUATION OF POWER FROM SOLAR ENERGY ZONES IN RAJASTHA,2025-01-01,0.0,-0.0002505519585224622,5
N18000331,TRANSMISSION SYSTEM STRENGTHENING SCHEME FOR EVACUATION OF POWER FROM SOLAR ENERGY ZONES IN RAJASTHA,2025-02-01,0.0,0.6580749653895326,5
N18000331,TRANSMISSION SYSTEM STRENGTHENING SCHEME FOR EVACUATION OF POWER FROM SOLAR ENERGY ZONES IN RAJASTHA,2025-03-01,0.0,4.207160748628884,5
N18000331,TRANSMISSION SYSTEM STRENGTHENING SCHEME FOR EVACUATION OF POWER FROM SOLAR ENERGY ZONES IN RAJASTHA,2025-04-01,0.0,4.868738236746597,5
N18000331,TRANSMISSION SYSTEM STRENGTHENING SCHEME FOR EVACUATION OF POWER FROM SOLAR ENERGY ZONES IN RAJASTHA,2025-05-01,0.0,5.105023946839521,5
N18000331,TRANSMISSION SYSTEM STRENGTHENING SCHEME FOR EVACUATION OF POWER FROM SOLAR ENERGY ZONES IN RAJASTHA,2025-06-01,0.0,4.981414038424001,5
N18000350,WESTERN REGION EXPANSION SCHEME XXV,2024-08-01,0.0,0.0,5
N18000350,WESTERN REGION EXPANSION SCHEME XXV,2024-09-01,0.0,-0.0002995460296196764,5
N18000350,WESTERN REGION EXPANSION SCHEME XXV,2024-11-01,0.0,-0.00046327305202049327,5
N18000350,WESTERN REGION EXPANSION SCHEME XXV,2024-12-01,0.0,-0.00046327305202049327,5
N18000350,WESTERN REGION EXPANSION SCHEME XXV,2025-01-01,0.0,-0.00046327305202049327,5
N18000350,WESTERN REGION EXPANSION SCHEME XXV,2025-02-01,0.0,-0.00046327305202049327,5
N18000350,WESTERN REGION EXPANSION SCHEME XXV,2025-03-01,0.0,-0.00046327305202049327,5
N18000350,WESTERN REGION EXPANSION SCHEME XXV,2025-04-01,0.0,0.6578622442960346,5
N18000350,WESTERN REGION EXPANSION SCHEME XXV,2025-05-01,0.0,5.254688850822455,5
N18000350,WESTERN REGION EXPANSION SCHEME XXV,2025-06-01,0.0,5.255684074455431,5
N18000357,ESTABLISHMENT OF KHAVDA POOLING STATION 3 (KPS3) IN KHAVDA RE PARK,2024-08-01,0.0,0.0,5
N18000357,ESTABLISHMENT OF KHAVDA POOLING STATION 3 (KPS3) IN KHAVDA RE PARK,2024-09-01,0.0,0.0,5
N18000357,ESTABLISHMENT OF KHAVDA POOLING STATION 3 (KPS3) IN KHAVDA RE PARK,2024-12-01,0.0,0.0,5
N18000357,ESTABLISHMENT OF KHAVDA POOLING STATION 3 (KPS3) IN KHAVDA RE PARK,2025-01-01,0.0,0.0,5
N18000357,ESTABLISHMENT OF KHAVDA POOLING STATION 3 (KPS3) IN KHAVDA RE PARK,2025-02-01,0.0,0.0,5
N18000357,ESTABLISHMENT OF KHAVDA POOLING STATION 3 (KPS3) IN KHAVDA RE PARK,2025-03-01,0.0,0.0,5
N18000357,ESTABLISHMENT OF KHAVDA POOLING STATION 3 (KPS3) IN KHAVDA RE PARK,2025-04-01,0.0,0.0,5
N18000357,ESTABLISHMENT OF KHAVDA POOLING STATION 3 (KPS3) IN KHAVDA RE PARK,2025-05-01,0.0,-0.004050750943685514,5
N18000357,ESTABLISHMENT OF KHAVDA POOLING STATION 3 (KPS3) IN KHAVDA RE PARK,2025-06-01,0.0,-0.010373308832944135,5
N18000384,TS FOR EVACUATION OF ADDITIONAL 7GW RE POWER FROM KHAVDA RE PARK UNDER PHASE-III PART B [VATAMAN TRA,2024-08-01,0.0,0.0,5
N18000384,TS FOR EVACUATION OF ADDITIONAL 7GW RE POWER FROM KHAVDA RE PARK UNDER PHASE-III PART B [VATAMAN TRA,2024-09-01,0.0,0.0,5
N18000384,TS FOR EVACUATION OF ADDITIONAL 7GW RE POWER FROM KHAVDA RE PARK UNDER PHASE-III PART B [VATAMAN TRA,2024-11-01,0.0,0.0,5
N18000384,TS FOR EVACUATION OF ADDITIONAL 7GW RE POWER FROM KHAVDA RE PARK UNDER PHASE-III PART B [VATAMAN TRA,2024-12-01,0.0,0.0,5
N18000384,TS FOR EVACUATION OF ADDITIONAL 7GW RE POWER FROM KHAVDA RE PARK UNDER PHASE-III PART B [VATAMAN TRA,2025-01-01,0.0,0.0,5
N18000384,TS FOR EVACUATION OF ADDITIONAL 7GW RE POWER FROM KHAVDA RE PARK UNDER PHASE-III PART B [VATAMAN TRA,2025-02-01,0.0,0.0,5
N18000384,TS FOR EVACUATION OF ADDITIONAL 7GW RE POWER FROM KHAVDA RE PARK UNDER PHASE-III PART B [VATAMAN TRA,2025-03-01,0.0,0.0,5
N18000384,TS FOR EVACUATION OF ADDITIONAL 7GW RE POWER FROM KHAVDA RE PARK UNDER PHASE-III PART B [VATAMAN TRA,2025-04-01,0.0,0.0,5
N18000384,TS FOR EVACUATION OF ADDITIONAL 7GW RE POWER FROM KHAVDA RE PARK UNDER PHASE-III PART B [VATAMAN TRA,2025-05-01,0.0,0.0,5
N18000384,TS FOR EVACUATION OF ADDITIONAL 7GW RE POWER FROM KHAVDA RE PARK UNDER PHASE-III PART B [VATAMAN TRA,2025-06-01,0.0,0.0,5
N18000385,TS FOR INTRGRATION OF RE ZONE (PHASE II) IN KOPPAL II (PHASE A&B) AND GADAG II (PHASE A) IN KARNATAK,2024-08-01,0.0,0.0,5
N18000385,TS FOR INTRGRATION OF RE ZONE (PHASE II) IN KOPPAL II (PHASE A&B) AND GADAG II (PHASE A) IN KARNATAK,2024-09-01,0.0,0.0,5
N18000385,TS FOR INTRGRATION OF RE ZONE (PHASE II) IN KOPPAL II (PHASE A and B) AND GADAG II (PHASE A) IN KARN,2024-12-01,0.0,0.0,5
N18000385,TS FOR INTRGRATION OF RE ZONE (PHASE II) IN KOPPAL II (PHASE A and B) AND GADAG II (PHASE A) IN KARN,2025-01-01,0.0,0.0,5
N18000385,TS FOR INTRGRATION OF RE ZONE (PHASE II) IN KOPPAL II (PHASE A and B) AND GADAG II (PHASE A) IN KARN,2025-02-01,0.0,0.0,5
N18000385,TS FOR INTRGRATION OF RE ZONE (PHASE II) IN KOPPAL II (PHASE A and B) AND GADAG II (PHASE A) IN KARN,2025-03-01,0.0,0.0,5
N18000385,TS FOR INTRGRATION OF RE ZONE (PHASE II) IN KOPPAL II (PHASE A and B) AND GADAG II (PHASE A) IN KARN,2025-04-01,0.0,0.0,5
N18000385,TS FOR INTRGRATION OF RE ZONE (PHASE II) IN KOPPAL II (PHASE A and B) AND GADAG II (PHASE A) IN KARN,2025-05-01,0.0,0.0,5
N18000385,TS FOR INTRGRATION OF RE ZONE (PHASE II) IN KOPPAL II (PHASE A and B) AND GADAG II (PHASE A) IN KARN,2025-06-01,0.0,0.0,5
N18000388,"TS FOR SOLAR ENERGY ZONE IN BIDAR (2500MW), KARNATAKA [BIDAR TRANSMISSION LTD]",2024-08-01,0.0,0.0,5
N18000388,"TS FOR SOLAR ENERGY ZONE IN BIDAR (2500MW), KARNATAKA [BIDAR TRANSMISSION LTD]",2024-09-01,0.0,0.0,5
N18000388,"TS FOR SOLAR ENERGY ZONE IN BIDAR (2500MW), KARNATAKA [BIDAR TRANSMISSION LTD]",2024-11-01,0.0,0.0,5
N18000388,"TS FOR SOLAR ENERGY ZONE IN BIDAR (2500MW), KARNATAKA [BIDAR TRANSMISSION LTD]",2024-12-01,0.0,0.0,5
N18000388,"TS FOR SOLAR ENERGY ZONE IN BIDAR (2500MW), KARNATAKA [BIDAR TRANSMISSION LTD]",2025-01-01,0.0,0.0,5
N18000388,"TS FOR SOLAR ENERGY ZONE IN BIDAR (2500MW), KARNATAKA [BIDAR TRANSMISSION LTD]",2025-02-01,0.0,0.0,5
N18000388,"TS FOR SOLAR ENERGY ZONE IN BIDAR (2500MW), KARNATAKA [BIDAR TRANSMISSION LTD]",2025-03-01,0.0,0.0,5
N18000388,"TS FOR SOLAR ENERGY ZONE IN BIDAR (2500MW), KARNATAKA [BIDAR TRANSMISSION LTD]",2025-04-01,0.0,0.0,5
N18000388,"TS FOR SOLAR ENERGY ZONE IN BIDAR (2500MW), KARNATAKA [BIDAR TRANSMISSION LTD]",2025-05-01,0.0,0.0,5
N18000388,"TS FOR SOLAR ENERGY ZONE IN BIDAR (2500MW), KARNATAKA [BIDAR TRANSMISSION LTD]",2025-06-01,0.0,0.0,5
N18000394,TS FOR EVACUATION POWER FROM RAJASTHAN REZ PH-IV (PART-2:5.5GW) (JAISALMER/BARMER COMPLEX) PART-E,2024-11-01,0.0,0.0,5
N18000394,TS FOR EVACUATION POWER FROM RAJASTHAN REZ PH-IV (PART-2:5.5GW) (JAISALMER/BARMER COMPLEX) PART-E,2024-12-01,0.0,0.0,5
N18000394,TS FOR EVACUATION POWER FROM RAJASTHAN REZ PH-IV (PART-2:5.5GW) (JAISALMER/BARMER COMPLEX) PART-E,2025-01-01,0.0,0.0,5
N18000394,TS FOR EVACUATION POWER FROM RAJASTHAN REZ PH-IV (PART-2:5.5GW) (JAISALMER/BARMER COMPLEX) PART-E,2025-02-01,0.0,0.0,5
N18000394,TS FOR EVACUATION POWER FROM RAJASTHAN REZ PH-IV (PART-2:5.5GW) (JAISALMER/BARMER COMPLEX) PART-E,2025-03-01,0.0,0.0,5
N18000394,TS FOR EVACUATION POWER FROM RAJASTHAN REZ PH-IV (PART-2:5.5GW) (JAISALMER/BARMER COMPLEX) PART-E,2025-04-01,0.0,0.0,5
N18000394,TS FOR EVACUATION POWER FROM RAJASTHAN REZ PH-IV (PART-2:5.5GW) (JAISALMER/BARMER COMPLEX) PART-E,2025-05-01,0.0,0.0,5
N18000394,TS FOR EVACUATION POWER FROM RAJASTHAN REZ PH-IV (PART-2:5.5GW) (JAISALMER/BARMER COMPLEX) PART- E,2025-06-01,0.0,0.0,5
N18000395,AUGMENTATION OF 1500MVA 3RD 765/400KV TRANSFORMATION CAPACITY AT KURNOOL NEW SUBSTATION,2024-12-01,0.0,0.0,5
N18000395,AUGMENTATION OF 1500MVA 3RD 765/400KV TRANSFORMATION CAPACITY AT KURNOOL NEW SUBSTATION,2025-01-01,0.0,0.0,5
N18000395,AUGMENTATION OF 1500MVA 3RD 765/400KV TRANSFORMATION CAPACITY AT KURNOOL NEW SUBSTATION,2025-02-01,0.0,0.0,5
N18000395,AUGMENTATION OF 1500MVA 3RD 765/400KV TRANSFORMATION CAPACITY AT KURNOOL NEW SUBSTATION,2025-03-01,0.0,0.0,5
N18000395,AUGMENTATION OF 1500MVA 3RD 765/400KV TRANSFORMATION CAPACITY AT KURNOOL NEW SUBSTATION,2025-04-01,0.0,0.0,5
N18000395,AUGMENTATION OF 1500MVA 3RD 765/400KV TRANSFORMATION CAPACITY AT KURNOOL NEW SUBSTATION,2025-05-01,0.0,0.0,5
N18000395,AUGMENTATION OF 1500MVA 3RD 765/400KV TRANSFORMATION CAPACITY AT KURNOOL NEW SUBSTATION,2025-06-01,0.0,0.0,5
N18000400,TRANSMISSION SYSTEM FOR EVACUATION OF POWER FROM POTENTIAL RENEWABLE ENERGY ZONE IN KHAVDA AREA OF G,2025-01-01,0.0,1.576671753998203,5
N18000400,TRANSMISSION SYSTEM FOR EVACUATION OF POWER FROM POTENTIAL RENEWABLE ENERGY ZONE IN KHAVDA AREA OF G,2025-02-01,0.0,1.576671753998203,5
N18000400,TRANSMISSION SYSTEM FOR EVACUATION OF POWER FROM POTENTIAL RENEWABLE ENERGY ZONE IN KHAVDA AREA OF G,2025-03-01,0.0,1.576671753998203,5
N18000400,TRANSMISSION SYSTEM FOR EVACUATION OF POWER FROM POTENTIAL RENEWABLE ENERGY ZONE IN KHAVDA AREA OF G,2025-04-01,0.0,1.576671753998203,5
N18000400,TRANSMISSION SYSTEM FOR EVACUATION OF POWER FROM POTENTIAL RENEWABLE ENERGY ZONE IN KHAVDA AREA OF G,2025-05-01,0.0,1.576671753998203,5
N18000400,TRANSMISSION SYSTEM FOR EVACUATION OF POWER FROM POTENTIAL RENEWABLE ENERGY ZONE IN KHAVDA AREA OF G,2025-06-01,0.0,1.576671753998203,5
N18000402,PROVISION OF DYNAMIC REACTIVE COMPENSATION AT KHAVDA POOLING STATION 1 [KPS1] AND KHAVDA POOLING STA,2025-02-01,0.0,0.0,5
N18000402,PROVISION OF DYNAMIC REACTIVE COMPENSATION AT KHAVDA POOLING STATION 1 [KPS1] AND KHAVDA POOLING STA,2025-03-01,0.0,0.0,5
N18000402,PROVISION OF DYNAMIC REACTIVE COMPENSATION AT KHAVDA POOLING STATION 1 [KPS1] AND KHAVDA POOLING STA,2025-04-01,0.0,0.0,5
N18000402,PROVISION OF DYNAMIC REACTIVE COMPENSATION AT KHAVDA POOLING STATION 1 [KPS1] AND KHAVDA POOLING STA,2025-05-01,0.0,0.0,5
N18000402,PROVISION OF DYNAMIC REACTIVE COMPENSATION AT KHAVDA POOLING STATION 1 [KPS1] AND KHAVDA POOLING STA,2025-06-01,0.0,0.0,5
N18000404,TRANSMISSION SYSTEM FOR EVACUATION OF POWER FROM RAJASTHAN REZ PH-IV [PART-3 (6 GW)] [BIKANER COMPLE,2025-05-01,0.0,1.576671753998203,5
N18000404,TRANSMISSION SYSTEM FOR EVACUATION OF POWER FROM RAJASTHAN REZ PH-IV [PART-3 (6 GW)] [BIKANER COMPLE,2025-06-01,0.0,1.576671753998203,5
N18000408,TRANSMISSION SYSTEM UNDER ISTS FOR EVACUATION OF POWER FROM KUDANKULAM UNIT - 3 AND 4 (2X1000 MW),2025-06-01,0.0,0.0,5
