project_code,project_name,snapshot_date,target_cost_overrun_pct,prediction,error,absolute_error
400005,Transmission Network Expansion in Gujarat to increase its ATC from ISTS Part B,2025-07-01,0.0,5.532286879625779,5.532286879625779,5.532286879625779
400005,Transmission Network Expansion in Gujarat to increase its ATC from ISTS Part B,2025-08-01,0.0,5.525058354871836,5.525058354871836,5.525058354871836
400005,Transmission Network Expansion in Gujarat to increase its ATC from ISTS Part B,2025-09-01,0.0,5.218157969314965,5.218157969314965,5.218157969314965
400005,Transmission Network Expansion in Gujarat to increase its ATC from ISTS Part B,2025-10-01,0.0,4.4030472871684685,4.4030472871684685,4.4030472871684685
400005,Transmission Network Expansion in Gujarat to increase its ATC from ISTS Part B,2025-11-01,0.0,28.318193704633195,28.318193704633195,28.318193704633195
400005,Transmission Network Expansion in Gujarat to increase its ATC from ISTS Part B,2025-12-01,0.0,28.318193704633195,28.318193704633195,28.318193704633195
400005,Transmission Network Expansion in Gujarat to increase its ATC from ISTS Part B,2026-01-01,0.0,28.319323927848842,28.319323927848842,28.319323927848842
400005,Transmission Network Expansion in Gujarat to increase its ATC from ISTS Part B,2026-02-01,0.0,28.35045761199212,28.35045761199212,28.35045761199212
400005,Transmission Network Expansion in Gujarat to increase its ATC from ISTS Part B,2026-03-01,0.0,28.39509288844162,28.39509288844162,28.39509288844162
400005,Transmission Network Expansion in Gujarat to increase its ATC from ISTS Part B,2026-04-01,0.0,28.298472970766355,28.298472970766355,28.298472970766355
608301,Transmission system strengthening scheme for evacuation of power from solar energy zones in Rajasthan 8.1 GW under Phase II- Part- G1,2025-07-01,0.0,0.6076800115709066,0.6076800115709066,0.6076800115709066
608301,Transmission system strengthening scheme for evacuation of power from solar energy zones in Rajasthan 8.1 GW under Phase II- Part- G1,2025-08-01,0.0,0.6424284158598073,0.6424284158598073,0.6424284158598073
608301,Transmission system strengthening scheme for evacuation of power from solar energy zones in Rajasthan 8.1 GW under Phase II- Part- G1,2025-09-01,0.0,1.0605232710816277,1.0605232710816277,1.0605232710816277
608301,Transmission system strengthening scheme for evacuation of power from solar energy zones in Rajasthan 8.1 GW under Phase II- Part- G1,2025-10-01,0.0,1.9500910035939534,1.9500910035939534,1.9500910035939534
611737,Western Region Expansion Scheme-XXV,2025-07-01,0.0,2.076132499809804,2.076132499809804,2.076132499809804
611737,Western Region Expansion Scheme-XXV,2025-08-01,0.0,2.11298905532022,2.11298905532022,2.11298905532022
611737,Western Region Expansion Scheme-XXV,2025-09-01,0.0,2.075175919233136,2.075175919233136,2.075175919233136
611737,Western Region Expansion Scheme-XXV,2025-10-01,0.0,3.4005447536159146,3.4005447536159146,3.4005447536159146
611948,Transmission system for evacuation of power from REZ in Rajasthan 20 GW under Phase-III part H,2025-07-01,0.0,0.0,0.0,0.0
611948,Transmission system for evacuation of power from REZ in Rajasthan 20 GW under Phase-III part H,2025-08-01,0.0,0.0,0.0,0.0
611948,Transmission system for evacuation of power from REZ in Rajasthan 20 GW under Phase-III part H,2025-09-01,0.0,0.0,0.0,0.0
611948,Transmission system for evacuation of power from REZ in Rajasthan 20 GW under Phase-III part H,2025-10-01,0.0,-0.0010829940577124688,-0.0010829940577124688,0.0010829940577124688
611948,Transmission system for evacuation of power from REZ in Rajasthan 20 GW under Phase-III part H,2025-11-01,0.0,-0.0005969821529231041,-0.0005969821529231041,0.0005969821529231041
611948,Transmission system for evacuation of power from REZ in Rajasthan 20 GW under Phase-III part H,2025-12-01,0.0,-0.004225580386519149,-0.004225580386519149,0.004225580386519149
611948,Transmission system for evacuation of power from REZ in Rajasthan 20 GW under Phase-III part H,2026-01-01,0.0,-0.002489786194068951,-0.002489786194068951,0.002489786194068951
611948,Transmission system for evacuation of power from REZ in Rajasthan 20 GW under Phase-III part H,2026-02-01,0.0,-0.0026633566628892643,-0.0026633566628892643,0.0026633566628892643
611948,Transmission system for evacuation of power from REZ in Rajasthan 20 GW under Phase-III part H,2026-03-01,0.0,-0.003347998909282243,-0.003347998909282243,0.003347998909282243
611951,Transmission system for evacuation of power from REZ in Rajasthan 20GW under Phase-III Part E1,2025-07-01,0.0,0.0,0.0,0.0
611951,Transmission system for evacuation of power from REZ in Rajasthan 20GW under Phase-III Part E1,2025-08-01,0.0,0.0,0.0,0.0
611951,Transmission system for evacuation of power from REZ in Rajasthan 20GW under Phase-III Part E1,2025-09-01,0.0,-0.004421031068535206,-0.004421031068535206,0.004421031068535206
611951,Transmission system for evacuation of power from REZ in Rajasthan 20GW under Phase-III Part E1,2025-10-01,0.0,-0.0027467939314986976,-0.0027467939314986976,0.0027467939314986976
611951,Transmission system for evacuation of power from REZ in Rajasthan 20GW under Phase-III Part E1,2025-11-01,0.0,-0.0026456618514080965,-0.0026456618514080965,0.0026456618514080965
611951,Transmission system for evacuation of power from REZ in Rajasthan 20GW under Phase-III Part E1,2025-12-01,0.0,0.3970317943230258,0.3970317943230258,0.3970317943230258
611951,Transmission system for evacuation of power from REZ in Rajasthan 20GW under Phase-III Part E1,2026-01-01,0.0,0.6176987205167985,0.6176987205167985,0.6176987205167985
611951,Transmission system for evacuation of power from REZ in Rajasthan 20GW under Phase-III Part E1,2026-02-01,0.0,0.9726400242879812,0.9726400242879812,0.9726400242879812
611951,Transmission system for evacuation of power from REZ in Rajasthan 20GW under Phase-III Part E1,2026-03-01,0.0,0.9791983609563818,0.9791983609563818,0.9791983609563818
612134,Transmission System for Evacuation of power from Rajasthan REZ Ph-IV [Part-1] [Bikaner Complex] Part A [Bikaner Neemrana  Transmission Ltd],2025-07-01,0.0,0.0,0.0,0.0
612134,Transmission System for Evacuation of power from Rajasthan REZ Ph-IV [Part-1] [Bikaner Complex] Part A [Bikaner Neemrana  Transmission Ltd],2025-08-01,0.0,0.0,0.0,0.0
612134,Transmission System for Evacuation of power from Rajasthan REZ Ph-IV [Part-1] [Bikaner Complex] Part A [Bikaner Neemrana  Transmission Ltd],2025-09-01,0.0,0.0,0.0,0.0
612134,Transmission System for Evacuation of power from Rajasthan REZ Ph-IV [Part-1] [Bikaner Complex] Part A [Bikaner Neemrana  Transmission Ltd],2025-10-01,0.0,0.0,0.0,0.0
612134,Transmission System for Evacuation of power from Rajasthan REZ Ph-IV [Part-1] [Bikaner Complex] Part A [Bikaner Neemrana  Transmission Ltd],2025-11-01,0.0,0.0,0.0,0.0
612134,Transmission System for Evacuation of power from Rajasthan REZ Ph-IV [Part-1] [Bikaner Complex] Part A [Bikaner Neemrana  Transmission Ltd],2025-12-01,0.0,0.0,0.0,0.0
612134,Transmission System for Evacuation of power from Rajasthan REZ Ph-IV [Part-1] [Bikaner Complex] Part A [Bikaner Neemrana Transmission Ltd],2026-01-01,0.0,0.0,0.0,0.0
612134,Transmission System for Evacuation of power from Rajasthan REZ Ph-IV [Part-1] [Bikaner Complex] Part A [Bikaner Neemrana  Transmission Ltd],2026-02-01,0.0,0.0,0.0,0.0
612134,Transmission System for Evacuation of power from Rajasthan REZ Ph-IV [Part-1] [Bikaner Complex] Part A [Bikaner Neemrana  Transmission Ltd],2026-03-01,0.0,0.0,0.0,0.0
612856,Augmentation of 1x1500 MVA 3rd  765/400 kV transformation capacity at Kurnool New Substation,2025-07-01,0.0,0.0,0.0,0.0
612856,Augmentation of 1x1500 MVA 3rd  765/400 kV transformation capacity at Kurnool New Substation,2025-08-01,0.0,0.0,0.0,0.0
612856,Augmentation of 1x1500 MVA 3rd  765/400 kV transformation capacity at Kurnool New Substation,2025-09-01,0.0,0.0,0.0,0.0
612856,Augmentation of 1x1500 MVA 3rd  765/400 kV transformation capacity at Kurnool New Substation,2025-10-01,0.0,0.0,0.0,0.0
612856,Augmentation of 1x1500 MVA 3rd  765/400 kV transformation capacity at Kurnool New Substation,2025-11-01,0.0,0.0,0.0,0.0
612856,Augmentation of 1x1500 MVA 3rd  765/400 kV transformation capacity at Kurnool New Substation,2025-12-01,0.0,0.0,0.0,0.0
612856,Augmentation of 1x1500 MVA 3rd  765/400 kV transformation capacity at Kurnool New Substation,2026-01-01,0.0,0.0,0.0,0.0
612856,Augmentation of 1x1500 MVA 3rd  765/400 kV transformation capacity at Kurnool New Substation,2026-02-01,0.0,-0.0006884647160604418,-0.0006884647160604418,0.0006884647160604418
617271,Eastern Region  Expansion Scheme-43 [ERES-43],2025-09-01,0.0,0.0,0.0,0.0
617271,Eastern Region  Expansion Scheme-43 [ERES-43],2025-11-01,0.0,0.0,0.0,0.0
617271,Eastern Region  Expansion Scheme-43 [ERES-43],2025-12-01,0.0,0.0,0.0,0.0
617271,Eastern Region  Expansion Scheme-43 [ERES-43],2026-01-01,0.0,0.0,0.0,0.0
617271,Eastern Region  Expansion Scheme-43 [ERES-43],2026-02-01,0.0,0.0,0.0,0.0
617271,Eastern Region  Expansion Scheme-43 [ERES-43],2026-03-01,0.0,0.0,0.0,0.0
617271,Eastern Region  Expansion Scheme-43 [ERES-43],2026-04-01,0.0,0.0,0.0,0.0
617271,Eastern Region  Expansion Scheme-43 [ERES-43],2026-05-01,0.0,0.0,0.0,0.0
617271,Eastern Region  Expansion Scheme-43 [ERES-43],2026-06-01,0.0,0.0,0.0,0.0
617391,Augmentation of Transformation Capacity at Bhuj-II PS [GIS],2025-09-01,0.0,0.0,0.0,0.0
617391,Augmentation of Transformation Capacity at Bhuj-II PS [GIS],2025-10-01,0.0,0.0,0.0,0.0
617391,Augmentation of Transformation Capacity at Bhuj-II PS [GIS],2025-11-01,0.0,0.0,0.0,0.0
617391,Augmentation of Transformation Capacity at Bhuj-II PS [GIS],2025-12-01,0.0,0.0,0.0,0.0
617391,Augmentation of Transformation Capacity at Bhuj-II PS [GIS],2026-01-01,0.0,0.0,0.0,0.0
617391,Augmentation of Transformation Capacity at Bhuj-II PS [GIS],2026-03-01,0.0,0.0,0.0,0.0
617391,Augmentation of Transformation Capacity at Bhuj-II PS [GIS],2026-04-01,0.0,0.0,0.0,0.0
617391,Augmentation of Transformation Capacity at Bhuj-II PS [GIS],2026-05-01,0.0,0.0,0.0,0.0
617391,Augmentation of Transformation Capacity at Bhuj-II PS [GIS],2026-06-01,0.0,0.0,0.0,0.0
N18000264,HVDC BIPOLE LINK BETWEEN WR AND SR -NORTH TRICHUR - SCHEME -II AC SYSTEM STRENGTHENING AT PUGALUR EN,2024-08-01,36.45871626134546,7.499792513584884,-28.958923747760572,28.958923747760572
N18000264,HVDC BIPOLE LINK BETWEEN WR AND SR -NORTH TRICHUR - SCHEME -II AC SYSTEM STRENGTHENING AT PUGALUR EN,2024-11-01,36.45871626134546,7.730094974034103,-28.728621287311356,28.728621287311356
N18000264,HVDC BIPOLE LINK BETWEEN WR AND SR - NORTH TRICHUR - SCHEME -II AC SYSTEM STRENGTHENING AT PUGALUR EN,2024-12-01,36.45871626134546,7.396710988355099,-29.06200527299036,29.06200527299036
N18000264,HVDC BIPOLE LINK BETWEEN WR AND SR -NORTH TRICHUR - SCHEME -II AC SYSTEM STRENGTHENING AT PUGALUR EN,2025-01-01,36.45871626134546,7.396912630251338,-29.061803631094122,29.061803631094122
N18000316,NORTH EASTERN REGION STRENGTHENING SCHEME-XII,2024-08-01,0.0,0.0367496071882649,0.0367496071882649,0.0367496071882649
N18000316,NORTH EASTERN REGION STRENGTHENING SCHEME-XII,2024-11-01,0.0,0.5262752720135673,0.5262752720135673,0.5262752720135673
N18000328,TS FOR EVACUATION OF POWER FROM PAKALDUL HEP IN CHENAB VALLEY HEPS - LTA SYSTEM,2024-08-01,0.0,0.0,0.0,0.0
N18000328,TS FOR EVACUATION OF POWER FROM PAKALDUL HEP IN CHENAB VALLEY HEPS - LTA SYSTEM,2024-11-01,0.0,0.0,0.0,0.0
N18000328,TS FOR EVACUATION OF POWER FROM PAKALDUL HEP IN CHENAB VALLEY HEPS - LTA SYSTEM,2024-12-01,0.0,0.0,0.0,0.0
N18000328,TS FOR EVACUATION OF POWER FROM PAKALDUL HEP IN CHENAB VALLEY HEPS - LTA SYSTEM,2025-01-01,0.0,0.0,0.0,0.0
N18000328,TS FOR EVACUATION OF POWER FROM PAKALDUL HEP IN CHENAB VALLEY HEPS - LTA SYSTEM,2025-02-01,0.0,0.0,0.0,0.0
N18000328,TS FOR EVACUATION OF POWER FROM PAKALDUL HEP IN CHENAB VALLEY HEPS - LTA SYSTEM,2025-03-01,0.0,0.0,0.0,0.0
N18000328,TS FOR EVACUATION OF POWER FROM PAKALDUL HEP IN CHENAB VALLEY HEPS - LTA SYSTEM,2025-04-01,0.0,0.0,0.0,0.0
N18000328,TS FOR EVACUATION OF POWER FROM PAKALDUL HEP IN CHENAB VALLEY HEPS - LTA SYSTEM,2025-05-01,0.0,0.0,0.0,0.0
N18000328,TS FOR EVACUATION OF POWER FROM PAKALDUL HEP IN CHENAB VALLEY HEPS - LTA SYSTEM,2025-06-01,0.0,1.1210084033613443,1.1210084033613443,1.1210084033613443
N18000337,TRANSMISSION NETWORK EXPANSION IN GUJARAT TO INCREASE ATC FROM ISTS: PART B,2024-08-01,0.0,0.16560114780451138,0.16560114780451138,0.16560114780451138
N18000337,1131 TRANSMISSION NETWORK EXPANSION IN GUJARAT TO INCREASE ATC FROM ISTS: PART B,2024-09-01,0.0,0.1656662665066026,0.1656662665066026,0.1656662665066026
N18000337,TRANSMISSION NETWORK EXPANSION IN GUJARAT TO INCREASE ATC FROM ISTS: PART B,2024-11-01,0.0,0.2760778848266254,0.2760778848266254,0.2760778848266254
N18000337,TRANSMISSION NETWORK EXPANSION IN GUJARAT TO INCREASE ATC FROM ISTS: PART B,2024-12-01,0.0,8.211197653244927,8.211197653244927,8.211197653244927
N18000337,TRANSMISSION NETWORK EXPANSION IN GUJARAT TO INCREASE ATC FROM ISTS: PART B,2025-01-01,0.0,7.9534945720124295,7.9534945720124295,7.9534945720124295
N18000337,TRANSMISSION NETWORK EXPANSION IN GUJARAT TO INCREASE ATC FROM ISTS: PART B,2025-02-01,0.0,7.732606216670292,7.732606216670292,7.732606216670292
N18000337,TRANSMISSION NETWORK EXPANSION IN GUJARAT TO INCREASE ATC FROM ISTS: PART B,2025-03-01,0.0,7.1233225031849,7.1233225031849,7.1233225031849
N18000337,TRANSMISSION NETWORK EXPANSION IN GUJARAT TO INCREASE ATC FROM ISTS: PART B,2025-04-01,0.0,7.1233225031849,7.1233225031849,7.1233225031849
N18000337,TRANSMISSION NETWORK EXPANSION IN GUJARAT TO INCREASE ATC FROM ISTS: PART B,2025-05-01,0.0,8.382907188311947,8.382907188311947,8.382907188311947
N18000337,TRANSMISSION NETWORK EXPANSION IN GUJARAT TO INCREASE ATC FROM ISTS: PART B,2025-06-01,0.0,6.672542966198589,6.672542966198589,6.672542966198589
N18000352,TRANSMISSION SYSTEM FOR KURNOOL WIND ENERGY ZONE SOLAR ENERGY ZONE (AP) PART-A  PART B,2024-08-01,0.0,0.0,0.0,0.0
N18000352,TRANSMISSION SYSTEM FOR KURNOOL WIND ENERGY ZONE SOLAR ENERGY ZONE (AP) PART- A  PART B,2024-11-01,0.0,1.6308923569427771,1.6308923569427771,1.6308923569427771
N18000352,TRANSMISSION SYSTEM FOR KURNOOL WIND ENERGY ZONE SOLAR ENERGY ZONE (AP) PART-A  PART B,2024-12-01,0.0,0.0,0.0,0.0
N18000352,TRANSMISSION SYSTEM FOR KURNOOL WIND ENERGY ZONE SOLAR ENERGY ZONE (AP) PART-A  PART B,2025-01-01,0.0,0.0,0.0,0.0
N18000352,TRANSMISSION SYSTEM FOR KURNOOL WIND ENERGY ZONE SOLAR ENERGY ZONE (AP) PART- A  PART B,2025-02-01,0.0,0.0,0.0,0.0
N18000352,TRANSMISSION SYSTEM FOR KURNOOL WIND ENERGY ZONE SOLAR ENERGY ZONE (AP) PART- A  PART B,2025-03-01,0.0,0.0,0.0,0.0
N18000352,TRANSMISSION SYSTEM FOR KURNOOL WIND ENERGY ZONE SOLAR ENERGY ZONE (AP) PART-A  PART B,2025-04-01,0.0,0.0,0.0,0.0
N18000352,TRANSMISSION SYSTEM FOR KURNOOL WIND ENERGY ZONE SOLAR ENERGY ZONE (AP) PART-A  PART B,2025-05-01,0.0,1.6308923569427771,1.6308923569427771,1.6308923569427771
N18000352,TRANSMISSION SYSTEM FOR KURNOOL WIND ENERGY ZONE SOLAR ENERGY ZONE (AP) PART-A  PART B,2025-06-01,0.0,0.0,0.0,0.0
N18000358,TRANSMISSION NETWORK EXPANSION IN GUJARAT ASSOCIATED WITH INTEGRATION OF RE PROJECTS FROM KHAVDA POT,2024-08-01,0.0,0.0,0.0,0.0
N18000358,TRANSMISSION NETWORK EXPANSION IN GUJARAT ASSOCIATED WITH INTEGRATION OF RE PROJECTS FROM KHAVDA POT,2024-09-01,0.0,0.0,0.0,0.0
N18000358,TRANSMISSION NETWORK EXPANSION IN GUJARAT ASSOCIATED WITH INTEGRATION OF RE PROJECTS FROM KHAVDA POT,2024-11-01,0.0,0.0,0.0,0.0
N18000358,TRANSMISSION NETWORK EXPANSION IN GUJARAT ASSOCIATED WITH INTEGRATION OF RE PROJECTS FROM KHAVDA POT,2024-12-01,0.0,0.0,0.0,0.0
N18000358,TRANSMISSION NETWORK EXPANSION IN GUJARAT ASSOCIATED WITH INTEGRATION OF RE PROJECTS FROM KHAVDA POT,2025-01-01,0.0,0.0,0.0,0.0
N18000358,TRANSMISSION NETWORK EXPANSION IN GUJARAT ASSOCIATED WITH INTEGRATION OF RE PROJECTS FROM KHAVDA POT,2025-02-01,0.0,0.0,0.0,0.0
N18000358,TRANSMISSION NETWORK EXPANSION IN GUJARAT ASSOCIATED WITH INTEGRATION OF RE PROJECTS FROM KHAVDA POT,2025-03-01,0.0,0.0,0.0,0.0
N18000358,TRANSMISSION NETWORK EXPANSION IN GUJARAT ASSOCIATED WITH INTEGRATION OF RE PROJECTS FROM KHAVDA POT,2025-04-01,0.0,0.0,0.0,0.0
N18000358,TRANSMISSION NETWORK EXPANSION IN GUJARAT ASSOCIATED WITH INTEGRATION OF RE PROJECTS FROM KHAVDA POT,2025-05-01,0.0,3.9736316655416126,3.9736316655416126,3.9736316655416126
N18000358,TRANSMISSION NETWORK EXPANSION IN GUJARAT ASSOCIATED WITH INTEGRATION OF RE PROJECTS FROM KHAVDA POT,2025-06-01,0.0,-0.000757101815471068,-0.000757101815471068,0.000757101815471068
N18000375,TS FOR EVACUATION POWER FROM REZ IN RAJASTHAN (20GW) UNDER PHASE-III PART C1,2024-08-01,0.0,0.0,0.0,0.0
N18000375,TS FOR EVACUATION POWER FROM REZ IN RAJASTHAN (20GW) UNDER PHASE-III PART C1,2024-11-01,0.0,0.0,0.0,0.0
N18000375,TS FOR EVACUATION POWER FROM REZ IN RAJASTHAN (20GW) UNDER PHASE-III PART C1,2024-12-01,0.0,0.0,0.0,0.0
N18000375,TS FOR EVACUATION POWER FROM REZ IN RAJASTHAN (20GW) UNDER PHASE-III PART C1,2025-01-01,0.0,0.0,0.0,0.0
N18000375,TS FOR EVACUATION POWER FROM REZ IN RAJASTHAN (20GW) UNDER PHASE-III PART C1,2025-02-01,0.0,0.0,0.0,0.0
N18000375,TS FOR EVACUATION POWER FROM REZ IN RAJASTHAN (20GW) UNDER PHASE-III PART C1,2025-03-01,0.0,0.0,0.0,0.0
N18000375,TS FOR EVACUATION POWER FROM REZ IN RAJASTHAN (20GW) UNDER PHASE-III PART C1,2025-04-01,0.0,0.0,0.0,0.0
N18000375,TS FOR EVACUATION POWER FROM REZ IN RAJASTHAN (20GW) UNDER PHASE-III PART C1,2025-05-01,0.0,0.0,0.0,0.0
N18000375,TS FOR EVACUATION POWER FROM REZ IN RAJASTHAN (20GW) UNDER PHASE-III PART C1,2025-06-01,0.0,0.0,0.0,0.0
N18000378,TS FOR EVACUATION POWER FROM REZ IN RAJASTHAN (20GW) UNDER PHASE-III PART J,2024-08-01,0.0,0.0,0.0,0.0
N18000378,TS FOR EVACUATION POWER FROM REZ IN RAJASTHAN (20GW) UNDER PHASE-III PART J,2024-12-01,0.0,0.0,0.0,0.0
N18000378,TS FOR EVACUATION POWER FROM REZ IN RAJASTHAN (20GW) UNDER PHASE-III PART J,2025-01-01,0.0,0.0,0.0,0.0
N18000378,TS FOR EVACUATION POWER FROM REZ IN RAJASTHAN (20GW) UNDER PHASE-III PART J,2025-02-01,0.0,0.0,0.0,0.0
N18000378,TS FOR EVACUATION POWER FROM REZ IN RAJASTHAN (20GW) UNDER PHASE-III PART J,2025-03-01,0.0,0.0,0.0,0.0
N18000378,TS FOR EVACUATION POWER FROM REZ IN RAJASTHAN (20GW) UNDER PHASE-III PART J,2025-04-01,0.0,0.0,0.0,0.0
N18000378,TS FOR EVACUATION POWER FROM REZ IN RAJASTHAN (20GW) UNDER PHASE-III PART J,2025-05-01,0.0,0.0,0.0,0.0
N18000378,TS FOR EVACUATION POWER FROM REZ IN RAJASTHAN (20GW) UNDER PHASE-III PART J,2025-06-01,0.0,0.0,0.0,0.0
N18000380,TRANSMISSION SCHEME FOR SOLAR ENERGY ZONE IN ANANTHPURAM (2500MW) AND KURNOOL (1000MW),2024-08-01,0.0,0.0,0.0,0.0
N18000380,TRANSMISSION SCHEME FOR SOLAR ENERGY ZONE IN ANANTHPURAM (2500MW) AND KURNOOL (1000MW),2024-09-01,0.0,0.0,0.0,0.0
N18000380,TRANSMISSION SCHEME FOR SOLAR ENERGY ZONE IN ANANTHPURAM (2500MW) AND KURNOOL (1000MW),2024-11-01,0.0,0.0,0.0,0.0
N18000380,TRANSMISSION SCHEME FOR SOLAR ENERGY ZONE IN ANANTHPURAM (2500MW) AND KURNOOL (1000MW),2024-12-01,0.0,0.0,0.0,0.0
N18000380,TRANSMISSION SCHEME FOR SOLAR ENERGY ZONE IN ANANTHPURAM (2500MW) AND KURNOOL (1000MW),2025-01-01,0.0,0.0,0.0,0.0
N18000380,TRANSMISSION SCHEME FOR SOLAR ENERGY ZONE IN ANANTHPURAM (2500MW) AND KURNOOL (1000MW),2025-02-01,0.0,0.0,0.0,0.0
N18000380,TRANSMISSION SCHEME FOR SOLAR ENERGY ZONE IN ANANTHPURAM (2500MW) AND KURNOOL (1000MW),2025-03-01,0.0,0.0,0.0,0.0
N18000380,TRANSMISSION SCHEME FOR SOLAR ENERGY ZONE IN ANANTHPURAM (2500MW) AND KURNOOL (1000MW),2025-04-01,0.0,0.0,0.0,0.0
N18000380,TRANSMISSION SCHEME FOR SOLAR ENERGY ZONE IN ANANTHPURAM (2500MW) AND KURNOOL (1000MW),2025-05-01,0.0,0.0,0.0,0.0
N18000380,TRANSMISSION SCHEME FOR SOLAR ENERGY ZONE IN ANANTHPURAM (2500MW) AND KURNOOL (1000MW),2025-06-01,0.0,0.0,0.0,0.0
N18000383,TS FOR EVACUATION OF POWER FROM POTENTIAL RE ZONE IN KHAVDA AREA OF GUJARAT UNDER PH-IV PART E3,2024-09-01,0.0,0.0,0.0,0.0
N18000383,TS FOR EVACUATION OF POWER FROM POTENTIAL RE ZONE IN KHAVDA AREA OF GUJARAT UNDER PH-IV PART E3,2024-12-01,0.0,0.0,0.0,0.0
N18000383,TS FOR EVACUATION OF POWER FROM POTENTIAL RE ZONE IN KHAVDA AREA OF GUJARAT UNDER PH-IV PART E3,2025-01-01,0.0,0.0,0.0,0.0
N18000383,TS FOR EVACUATION OF POWER FROM POTENTIAL RE ZONE IN KHAVDA AREA OF GUJARAT UNDER PH-IV PART E3,2025-02-01,0.0,0.0,0.0,0.0
N18000383,TS FOR EVACUATION OF POWER FROM POTENTIAL RE ZONE IN KHAVDA AREA OF GUJARAT UNDER PH-IV PART E3,2025-03-01,0.0,0.0,0.0,0.0
N18000383,TS FOR EVACUATION OF POWER FROM POTENTIAL RE ZONE IN KHAVDA AREA OF GUJARAT UNDER PH-IV PART E3,2025-04-01,0.0,0.0,0.0,0.0
N18000383,TS FOR EVACUATION OF POWER FROM POTENTIAL RE ZONE IN KHAVDA AREA OF GUJARAT UNDER PH-IV PART E3,2025-05-01,0.0,0.0,0.0,0.0
N18000383,TS FOR EVACUATION OF POWER FROM POTENTIAL RE ZONE IN KHAVDA AREA OF GUJARAT UNDER PH-IV PART E3,2025-06-01,0.0,0.0,0.0,0.0
N18000387,TS FOR EVACUATION OF POWER FROM RAJASTHAN REZ PH-IV (PART-1) [BIKANER COMPLEX] PART D [NEEMRANA II B,2024-11-01,0.0,0.0,0.0,0.0
N18000387,TS FOR EVACUATION OF POWER FROM RAJASTHAN REZ PH-IV (PART-1) [BIKANER COMPLEX] PART D [NEEMRANA II B,2024-12-01,0.0,0.0,0.0,0.0
N18000387,TS FOR EVACUATION OF POWER FROM RAJASTHAN REZ PH-IV (PART-1) [BIKANER COMPLEX] PART D [NEEMRANA II B,2025-01-01,0.0,0.0,0.0,0.0
N18000387,TS FOR EVACUATION OF POWER FROM RAJASTHAN REZ PH-IV (PART-1) [BIKANER COMPLEX] PART D [NEEMRANA II B,2025-02-01,0.0,0.0,0.0,0.0
N18000387,TS FOR EVACUATION OF POWER FROM RAJASTHAN REZ PH-IV (PART-1) [BIKANER COMPLEX] PART D [NEEMRANA II B,2025-03-01,0.0,0.0,0.0,0.0
N18000387,TS FOR EVACUATION OF POWER FROM RAJASTHAN REZ PH-IV (PART-1) [BIKANER COMPLEX] PART D [NEEMRANA II B,2025-04-01,0.0,0.0,0.0,0.0
N18000387,TS FOR EVACUATION OF POWER FROM RAJASTHAN REZ PH-IV (PART-1) [BIKANER COMPLEX] PART D [NEEMRANA II B,2025-05-01,0.0,1.6621848739495801,1.6621848739495801,1.6621848739495801
N18000387,TS FOR EVACUATION OF POWER FROM RAJASTHAN REZ PH-IV (PART-1) [BIKANER COMPLEX] PART D [NEEMRANA II B,2025-06-01,0.0,0.0,0.0,0.0
N18000393,TS FOR EVACUATION POWER FROM RAJASTHAN REZ PH-IV (PART-2:5.5GW) (JAISALMER/BARMER COMPLEX) PART-C,2024-12-01,0.0,0.0,0.0,0.0
N18000393,TS FOR EVACUATION POWER FROM RAJASTHAN REZ PH-IV (PART-2:5.5GW) (JAISALMER/BARMER COMPLEX) PART-C,2025-01-01,0.0,0.0,0.0,0.0
N18000393,TS FOR EVACUATION POWER FROM RAJASTHAN REZ PH-IV (PART-2:5.5GW) (JAISALMER/BARMER COMPLEX) PART-C,2025-02-01,0.0,0.0,0.0,0.0
N18000393,TS FOR EVACUATION POWER FROM RAJASTHAN REZ PH-IV (PART-2:5.5GW) (JAISALMER/BARMER COMPLEX) PART-C,2025-03-01,0.0,0.0,0.0,0.0
N18000393,TS FOR EVACUATION POWER FROM RAJASTHAN REZ PH-IV (PART-2:5.5GW) (JAISALMER/BARMER COMPLEX) PART-C,2025-04-01,0.0,0.0,0.0,0.0
N18000393,TS FOR EVACUATION POWER FROM RAJASTHAN REZ PH-IV (PART-2:5.5GW) (JAISALMER/BARMER COMPLEX) PART-C,2025-05-01,0.0,0.0,0.0,0.0
N18000393,TS FOR EVACUATION POWER FROM RAJASTHAN REZ PH-IV (PART-2:5.5GW) (JAISALMER/BARMER COMPLEX) PART- C,2025-06-01,0.0,0.0,0.0,0.0
N18000398,AUGMENTATION OF TRANSFORMATION CAPACITY AT JAM KHAMBHALIYA PS [GIS] [SPV NAME POWERGRID JAM KHAMBHAL,2025-02-01,0.0,0.0,0.0,0.0
N18000398,AUGMENTATION OF TRANSFORMATION CAPACITY AT JAM KHAMBHALIYA PS [GIS] [SPV NAME POWERGRID JAM KHAMBHAL,2025-03-01,0.0,0.0,0.0,0.0
N18000398,AUGMENTATION OF TRANSFORMATION CAPACITY AT JAM KHAMBHALIYA PS [GIS] [SPV NAME POWERGRID JAM KHAMBHAL,2025-04-01,0.0,0.0,0.0,0.0
N18000398,AUGMENTATION OF TRANSFORMATION CAPACITY AT JAM KHAMBHALIYA PS [GIS] [SPV NAME POWERGRID JAM KHAMBHAL,2025-05-01,0.0,0.0,0.0,0.0
N18000398,AUGMENTATION OF TRANSFORMATION CAPACITY AT JAM KHAMBHALIYA PS [GIS] [SPV NAME POWERGRID JAM KHAMBHAL,2025-06-01,0.0,0.0,0.0,0.0
N18000405,TRANSMISSION SYSTEM FOR EVACUATION OF POWER FROM POTENTIAL RENEWABLE ENERGY ZONE IN KHAVDA AREA OF G,2025-02-01,0.0,0.9099926481409384,0.9099926481409384,0.9099926481409384
N18000405,TRANSMISSION SYSTEM FOR EVACUATION OF POWER FROM POTENTIAL RENEWABLE ENERGY ZONE IN KHAVDA AREA OF G,2025-03-01,0.0,0.9099926481409384,0.9099926481409384,0.9099926481409384
N18000405,TRANSMISSION SYSTEM FOR EVACUATION OF POWER FROM POTENTIAL RENEWABLE ENERGY ZONE IN KHAVDA AREA OF G,2025-04-01,0.0,0.9099926481409384,0.9099926481409384,0.9099926481409384
N18000405,TRANSMISSION SYSTEM FOR EVACUATION OF POWER FROM POTENTIAL RENEWABLE ENERGY ZONE IN KHAVDA AREA OF G,2025-05-01,0.0,0.9099926481409384,0.9099926481409384,0.9099926481409384
N18000405,TRANSMISSION SYSTEM FOR EVACUATION OF POWER FROM POTENTIAL RENEWABLE ENERGY ZONE IN KHAVDA AREA OF G,2025-06-01,0.0,0.9099926481409384,0.9099926481409384,0.9099926481409384
