project_code,project_name,snapshot_date,target_cost_overrun_pct,prediction,absolute_error
400005,Transmission Network Expansion in Gujarat to increase its ATC from ISTS Part B,2025-07-01,0.0,6.317516796619866,6.317516796619866
400005,Transmission Network Expansion in Gujarat to increase its ATC from ISTS Part B,2025-08-01,0.0,6.094837939410538,6.094837939410538
400005,Transmission Network Expansion in Gujarat to increase its ATC from ISTS Part B,2025-09-01,0.0,5.802685643165538,5.802685643165538
400005,Transmission Network Expansion in Gujarat to increase its ATC from ISTS Part B,2025-10-01,0.0,5.487869502375668,5.487869502375668
400005,Transmission Network Expansion in Gujarat to increase its ATC from ISTS Part B,2025-11-01,0.0,28.140523530299912,28.140523530299912
400005,Transmission Network Expansion in Gujarat to increase its ATC from ISTS Part B,2025-12-01,0.0,28.208230408453097,28.208230408453097
400005,Transmission Network Expansion in Gujarat to increase its ATC from ISTS Part B,2026-01-01,0.0,28.313312665523977,28.313312665523977
400005,Transmission Network Expansion in Gujarat to increase its ATC from ISTS Part B,2026-02-01,0.0,28.16747813442594,28.16747813442594
400005,Transmission Network Expansion in Gujarat to increase its ATC from ISTS Part B,2026-03-01,0.0,28.191229532445927,28.191229532445927
400005,Transmission Network Expansion in Gujarat to increase its ATC from ISTS Part B,2026-04-01,0.0,28.191268603667183,28.191268603667183
608301,Transmission system strengthening scheme for evacuation of power from solar energy zones in Rajasthan 8.1 GW under Phase II- Part- G1,2025-07-01,0.0,0.9530311248943313,0.9530311248943313
608301,Transmission system strengthening scheme for evacuation of power from solar energy zones in Rajasthan 8.1 GW under Phase II- Part- G1,2025-08-01,0.0,0.9530311248943313,0.9530311248943313
608301,Transmission system strengthening scheme for evacuation of power from solar energy zones in Rajasthan 8.1 GW under Phase II- Part- G1,2025-09-01,0.0,1.2794137881434724,1.2794137881434724
608301,Transmission system strengthening scheme for evacuation of power from solar energy zones in Rajasthan 8.1 GW under Phase II- Part- G1,2025-10-01,0.0,2.223888376997009,2.223888376997009
611737,Western Region Expansion Scheme-XXV,2025-07-01,0.0,2.2542962072113037,2.2542962072113037
611737,Western Region Expansion Scheme-XXV,2025-08-01,0.0,2.2614256178322036,2.2614256178322036
611737,Western Region Expansion Scheme-XXV,2025-09-01,0.0,2.18714617967406,2.18714617967406
611737,Western Region Expansion Scheme-XXV,2025-10-01,0.0,3.735587124586713,3.735587124586713
611948,Transmission system for evacuation of power from REZ in Rajasthan 20 GW under Phase-III part H,2025-07-01,0.0,0.0,0.0
611948,Transmission system for evacuation of power from REZ in Rajasthan 20 GW under Phase-III part H,2025-08-01,0.0,0.0,0.0
611948,Transmission system for evacuation of power from REZ in Rajasthan 20 GW under Phase-III part H,2025-09-01,0.0,0.0,0.0
611948,Transmission system for evacuation of power from REZ in Rajasthan 20 GW under Phase-III part H,2025-10-01,0.0,-0.002070897577784683,0.002070897577784683
611948,Transmission system for evacuation of power from REZ in Rajasthan 20 GW under Phase-III part H,2025-11-01,0.0,-0.0007175669778101585,0.0007175669778101585
611948,Transmission system for evacuation of power from REZ in Rajasthan 20 GW under Phase-III part H,2025-12-01,0.0,-0.007869121572042635,0.007869121572042635
611948,Transmission system for evacuation of power from REZ in Rajasthan 20 GW under Phase-III part H,2026-01-01,0.0,-0.004129493334823988,0.004129493334823988
611948,Transmission system for evacuation of power from REZ in Rajasthan 20 GW under Phase-III part H,2026-02-01,0.0,-0.004042103929198653,0.004042103929198653
611948,Transmission system for evacuation of power from REZ in Rajasthan 20 GW under Phase-III part H,2026-03-01,0.0,-0.0036496267746179336,0.0036496267746179336
611951,Transmission system for evacuation of power from REZ in Rajasthan 20GW under Phase-III Part E1,2025-07-01,0.0,0.0,0.0
611951,Transmission system for evacuation of power from REZ in Rajasthan 20GW under Phase-III Part E1,2025-08-01,0.0,0.0,0.0
611951,Transmission system for evacuation of power from REZ in Rajasthan 20GW under Phase-III Part E1,2025-09-01,0.0,-0.001590446776313996,0.001590446776313996
611951,Transmission system for evacuation of power from REZ in Rajasthan 20GW under Phase-III Part E1,2025-10-01,0.0,-0.0039962685357423445,0.0039962685357423445
611951,Transmission system for evacuation of power from REZ in Rajasthan 20GW under Phase-III Part E1,2025-11-01,0.0,-0.0037721878094738527,0.0037721878094738527
611951,Transmission system for evacuation of power from REZ in Rajasthan 20GW under Phase-III Part E1,2025-12-01,0.0,0.5060407061180696,0.5060407061180696
611951,Transmission system for evacuation of power from REZ in Rajasthan 20GW under Phase-III Part E1,2026-01-01,0.0,0.8623632159522175,0.8623632159522175
611951,Transmission system for evacuation of power from REZ in Rajasthan 20GW under Phase-III Part E1,2026-02-01,0.0,1.3917075011768405,1.3917075011768405
611951,Transmission system for evacuation of power from REZ in Rajasthan 20GW under Phase-III Part E1,2026-03-01,0.0,1.3992230680020783,1.3992230680020783
612134,Transmission System for Evacuation of power from Rajasthan REZ Ph-IV [Part-1] [Bikaner Complex] Part A [Bikaner Neemrana  Transmission Ltd],2025-07-01,0.0,0.0,0.0
612134,Transmission System for Evacuation of power from Rajasthan REZ Ph-IV [Part-1] [Bikaner Complex] Part A [Bikaner Neemrana  Transmission Ltd],2025-08-01,0.0,0.0,0.0
612134,Transmission System for Evacuation of power from Rajasthan REZ Ph-IV [Part-1] [Bikaner Complex] Part A [Bikaner Neemrana  Transmission Ltd],2025-09-01,0.0,0.0,0.0
612134,Transmission System for Evacuation of power from Rajasthan REZ Ph-IV [Part-1] [Bikaner Complex] Part A [Bikaner Neemrana  Transmission Ltd],2025-10-01,0.0,0.0,0.0
612134,Transmission System for Evacuation of power from Rajasthan REZ Ph-IV [Part-1] [Bikaner Complex] Part A [Bikaner Neemrana  Transmission Ltd],2025-11-01,0.0,0.0,0.0
612134,Transmission System for Evacuation of power from Rajasthan REZ Ph-IV [Part-1] [Bikaner Complex] Part A [Bikaner Neemrana  Transmission Ltd],2025-12-01,0.0,0.0,0.0
612134,Transmission System for Evacuation of power from Rajasthan REZ Ph-IV [Part-1] [Bikaner Complex] Part A [Bikaner Neemrana Transmission Ltd],2026-01-01,0.0,0.0,0.0
612134,Transmission System for Evacuation of power from Rajasthan REZ Ph-IV [Part-1] [Bikaner Complex] Part A [Bikaner Neemrana  Transmission Ltd],2026-02-01,0.0,0.0,0.0
612134,Transmission System for Evacuation of power from Rajasthan REZ Ph-IV [Part-1] [Bikaner Complex] Part A [Bikaner Neemrana  Transmission Ltd],2026-03-01,0.0,0.0,0.0
612856,Augmentation of 1x1500 MVA 3rd  765/400 kV transformation capacity at Kurnool New Substation,2025-07-01,0.0,0.0,0.0
612856,Augmentation of 1x1500 MVA 3rd  765/400 kV transformation capacity at Kurnool New Substation,2025-08-01,0.0,0.0,0.0
612856,Augmentation of 1x1500 MVA 3rd  765/400 kV transformation capacity at Kurnool New Substation,2025-09-01,0.0,0.0,0.0
612856,Augmentation of 1x1500 MVA 3rd  765/400 kV transformation capacity at Kurnool New Substation,2025-10-01,0.0,0.0,0.0
612856,Augmentation of 1x1500 MVA 3rd  765/400 kV transformation capacity at Kurnool New Substation,2025-11-01,0.0,0.0,0.0
612856,Augmentation of 1x1500 MVA 3rd  765/400 kV transformation capacity at Kurnool New Substation,2025-12-01,0.0,0.0,0.0
612856,Augmentation of 1x1500 MVA 3rd  765/400 kV transformation capacity at Kurnool New Substation,2026-01-01,0.0,0.0,0.0
612856,Augmentation of 1x1500 MVA 3rd  765/400 kV transformation capacity at Kurnool New Substation,2026-02-01,0.0,-0.0019111663868790884,0.0019111663868790884
617271,Eastern Region  Expansion Scheme-43 [ERES-43],2025-09-01,0.0,0.0,0.0
617271,Eastern Region  Expansion Scheme-43 [ERES-43],2025-11-01,0.0,0.0,0.0
617271,Eastern Region  Expansion Scheme-43 [ERES-43],2025-12-01,0.0,0.0,0.0
617271,Eastern Region  Expansion Scheme-43 [ERES-43],2026-01-01,0.0,0.0,0.0
617271,Eastern Region  Expansion Scheme-43 [ERES-43],2026-02-01,0.0,0.0,0.0
617271,Eastern Region  Expansion Scheme-43 [ERES-43],2026-03-01,0.0,0.0,0.0
617271,Eastern Region  Expansion Scheme-43 [ERES-43],2026-04-01,0.0,0.0,0.0
617271,Eastern Region  Expansion Scheme-43 [ERES-43],2026-05-01,0.0,0.0,0.0
617271,Eastern Region  Expansion Scheme-43 [ERES-43],2026-06-01,0.0,0.0,0.0
617391,Augmentation of Transformation Capacity at Bhuj-II PS [GIS],2025-09-01,0.0,0.0,0.0
617391,Augmentation of Transformation Capacity at Bhuj-II PS [GIS],2025-10-01,0.0,0.0,0.0
617391,Augmentation of Transformation Capacity at Bhuj-II PS [GIS],2025-11-01,0.0,0.0,0.0
617391,Augmentation of Transformation Capacity at Bhuj-II PS [GIS],2025-12-01,0.0,0.0,0.0
617391,Augmentation of Transformation Capacity at Bhuj-II PS [GIS],2026-01-01,0.0,0.0,0.0
617391,Augmentation of Transformation Capacity at Bhuj-II PS [GIS],2026-03-01,0.0,0.0,0.0
617391,Augmentation of Transformation Capacity at Bhuj-II PS [GIS],2026-04-01,0.0,0.0,0.0
617391,Augmentation of Transformation Capacity at Bhuj-II PS [GIS],2026-05-01,0.0,0.0,0.0
617391,Augmentation of Transformation Capacity at Bhuj-II PS [GIS],2026-06-01,0.0,0.0,0.0
N18000264,HVDC BIPOLE LINK BETWEEN WR AND SR -NORTH TRICHUR - SCHEME -II AC SYSTEM STRENGTHENING AT PUGALUR EN,2024-08-01,36.45871626134546,8.972133969171333,27.486582292174127
N18000264,HVDC BIPOLE LINK BETWEEN WR AND SR -NORTH TRICHUR - SCHEME -II AC SYSTEM STRENGTHENING AT PUGALUR EN,2024-11-01,36.45871626134546,8.972133969171333,27.486582292174127
N18000264,HVDC BIPOLE LINK BETWEEN WR AND SR - NORTH TRICHUR - SCHEME -II AC SYSTEM STRENGTHENING AT PUGALUR EN,2024-12-01,36.45871626134546,8.972133969171333,27.486582292174127
N18000264,HVDC BIPOLE LINK BETWEEN WR AND SR -NORTH TRICHUR - SCHEME -II AC SYSTEM STRENGTHENING AT PUGALUR EN,2025-01-01,36.45871626134546,8.972133969171333,27.486582292174127
N18000316,NORTH EASTERN REGION STRENGTHENING SCHEME-XII,2024-08-01,0.0,0.036814725890356136,0.036814725890356136
N18000316,NORTH EASTERN REGION STRENGTHENING SCHEME-XII,2024-11-01,0.0,0.20493530745631583,0.20493530745631583
N18000328,TS FOR EVACUATION OF POWER FROM PAKALDUL HEP IN CHENAB VALLEY HEPS - LTA SYSTEM,2024-08-01,0.0,0.0,0.0
N18000328,TS FOR EVACUATION OF POWER FROM PAKALDUL HEP IN CHENAB VALLEY HEPS - LTA SYSTEM,2024-11-01,0.0,0.0,0.0
N18000328,TS FOR EVACUATION OF POWER FROM PAKALDUL HEP IN CHENAB VALLEY HEPS - LTA SYSTEM,2024-12-01,0.0,0.0,0.0
N18000328,TS FOR EVACUATION OF POWER FROM PAKALDUL HEP IN CHENAB VALLEY HEPS - LTA SYSTEM,2025-01-01,0.0,0.0,0.0
N18000328,TS FOR EVACUATION OF POWER FROM PAKALDUL HEP IN CHENAB VALLEY HEPS - LTA SYSTEM,2025-02-01,0.0,0.0,0.0
N18000328,TS FOR EVACUATION OF POWER FROM PAKALDUL HEP IN CHENAB VALLEY HEPS - LTA SYSTEM,2025-03-01,0.0,0.0,0.0
N18000328,TS FOR EVACUATION OF POWER FROM PAKALDUL HEP IN CHENAB VALLEY HEPS - LTA SYSTEM,2025-04-01,0.0,0.0,0.0
N18000328,TS FOR EVACUATION OF POWER FROM PAKALDUL HEP IN CHENAB VALLEY HEPS - LTA SYSTEM,2025-05-01,0.0,0.0,0.0
N18000328,TS FOR EVACUATION OF POWER FROM PAKALDUL HEP IN CHENAB VALLEY HEPS - LTA SYSTEM,2025-06-01,0.0,1.702681072428972,1.702681072428972
N18000337,TRANSMISSION NETWORK EXPANSION IN GUJARAT TO INCREASE ATC FROM ISTS: PART B,2024-08-01,0.0,0.0,0.0
N18000337,1131 TRANSMISSION NETWORK EXPANSION IN GUJARAT TO INCREASE ATC FROM ISTS: PART B,2024-09-01,0.0,0.0,0.0
N18000337,TRANSMISSION NETWORK EXPANSION IN GUJARAT TO INCREASE ATC FROM ISTS: PART B,2024-11-01,0.0,0.06442577030812323,0.06442577030812323
N18000337,TRANSMISSION NETWORK EXPANSION IN GUJARAT TO INCREASE ATC FROM ISTS: PART B,2024-12-01,0.0,8.320589981604842,8.320589981604842
N18000337,TRANSMISSION NETWORK EXPANSION IN GUJARAT TO INCREASE ATC FROM ISTS: PART B,2025-01-01,0.0,7.505143803133446,7.505143803133446
N18000337,TRANSMISSION NETWORK EXPANSION IN GUJARAT TO INCREASE ATC FROM ISTS: PART B,2025-02-01,0.0,7.05416341097658,7.05416341097658
N18000337,TRANSMISSION NETWORK EXPANSION IN GUJARAT TO INCREASE ATC FROM ISTS: PART B,2025-03-01,0.0,6.332594783525601,6.332594783525601
N18000337,TRANSMISSION NETWORK EXPANSION IN GUJARAT TO INCREASE ATC FROM ISTS: PART B,2025-04-01,0.0,6.332594783525601,6.332594783525601
N18000337,TRANSMISSION NETWORK EXPANSION IN GUJARAT TO INCREASE ATC FROM ISTS: PART B,2025-05-01,0.0,7.680361613773966,7.680361613773966
N18000337,TRANSMISSION NETWORK EXPANSION IN GUJARAT TO INCREASE ATC FROM ISTS: PART B,2025-06-01,0.0,6.762480122202738,6.762480122202738
N18000352,TRANSMISSION SYSTEM FOR KURNOOL WIND ENERGY ZONE SOLAR ENERGY ZONE (AP) PART-A  PART B,2024-08-01,0.0,0.0,0.0
N18000352,TRANSMISSION SYSTEM FOR KURNOOL WIND ENERGY ZONE SOLAR ENERGY ZONE (AP) PART- A  PART B,2024-11-01,0.0,0.0,0.0
N18000352,TRANSMISSION SYSTEM FOR KURNOOL WIND ENERGY ZONE SOLAR ENERGY ZONE (AP) PART-A  PART B,2024-12-01,0.0,0.0,0.0
N18000352,TRANSMISSION SYSTEM FOR KURNOOL WIND ENERGY ZONE SOLAR ENERGY ZONE (AP) PART-A  PART B,2025-01-01,0.0,0.0,0.0
N18000352,TRANSMISSION SYSTEM FOR KURNOOL WIND ENERGY ZONE SOLAR ENERGY ZONE (AP) PART- A  PART B,2025-02-01,0.0,0.0,0.0
N18000352,TRANSMISSION SYSTEM FOR KURNOOL WIND ENERGY ZONE SOLAR ENERGY ZONE (AP) PART- A  PART B,2025-03-01,0.0,0.0,0.0
N18000352,TRANSMISSION SYSTEM FOR KURNOOL WIND ENERGY ZONE SOLAR ENERGY ZONE (AP) PART-A  PART B,2025-04-01,0.0,0.0,0.0
N18000352,TRANSMISSION SYSTEM FOR KURNOOL WIND ENERGY ZONE SOLAR ENERGY ZONE (AP) PART-A  PART B,2025-05-01,0.0,0.0,0.0
N18000352,TRANSMISSION SYSTEM FOR KURNOOL WIND ENERGY ZONE SOLAR ENERGY ZONE (AP) PART-A  PART B,2025-06-01,0.0,0.0,0.0
N18000358,TRANSMISSION NETWORK EXPANSION IN GUJARAT ASSOCIATED WITH INTEGRATION OF RE PROJECTS FROM KHAVDA POT,2024-08-01,0.0,0.0,0.0
N18000358,TRANSMISSION NETWORK EXPANSION IN GUJARAT ASSOCIATED WITH INTEGRATION OF RE PROJECTS FROM KHAVDA POT,2024-09-01,0.0,0.0,0.0
N18000358,TRANSMISSION NETWORK EXPANSION IN GUJARAT ASSOCIATED WITH INTEGRATION OF RE PROJECTS FROM KHAVDA POT,2024-11-01,0.0,0.0,0.0
N18000358,TRANSMISSION NETWORK EXPANSION IN GUJARAT ASSOCIATED WITH INTEGRATION OF RE PROJECTS FROM KHAVDA POT,2024-12-01,0.0,0.0,0.0
N18000358,TRANSMISSION NETWORK EXPANSION IN GUJARAT ASSOCIATED WITH INTEGRATION OF RE PROJECTS FROM KHAVDA POT,2025-01-01,0.0,0.0,0.0
N18000358,TRANSMISSION NETWORK EXPANSION IN GUJARAT ASSOCIATED WITH INTEGRATION OF RE PROJECTS FROM KHAVDA POT,2025-02-01,0.0,0.0,0.0
N18000358,TRANSMISSION NETWORK EXPANSION IN GUJARAT ASSOCIATED WITH INTEGRATION OF RE PROJECTS FROM KHAVDA POT,2025-03-01,0.0,0.0,0.0
N18000358,TRANSMISSION NETWORK EXPANSION IN GUJARAT ASSOCIATED WITH INTEGRATION OF RE PROJECTS FROM KHAVDA POT,2025-04-01,0.0,0.0,0.0
N18000358,TRANSMISSION NETWORK EXPANSION IN GUJARAT ASSOCIATED WITH INTEGRATION OF RE PROJECTS FROM KHAVDA POT,2025-05-01,0.0,2.6639753667238533,2.6639753667238533
N18000358,TRANSMISSION NETWORK EXPANSION IN GUJARAT ASSOCIATED WITH INTEGRATION OF RE PROJECTS FROM KHAVDA POT,2025-06-01,0.0,-0.0012349362745470982,0.0012349362745470982
N18000375,TS FOR EVACUATION POWER FROM REZ IN RAJASTHAN (20GW) UNDER PHASE-III PART C1,2024-08-01,0.0,0.0,0.0
N18000375,TS FOR EVACUATION POWER FROM REZ IN RAJASTHAN (20GW) UNDER PHASE-III PART C1,2024-11-01,0.0,0.0,0.0
N18000375,TS FOR EVACUATION POWER FROM REZ IN RAJASTHAN (20GW) UNDER PHASE-III PART C1,2024-12-01,0.0,0.0,0.0
N18000375,TS FOR EVACUATION POWER FROM REZ IN RAJASTHAN (20GW) UNDER PHASE-III PART C1,2025-01-01,0.0,0.0,0.0
N18000375,TS FOR EVACUATION POWER FROM REZ IN RAJASTHAN (20GW) UNDER PHASE-III PART C1,2025-02-01,0.0,0.0,0.0
N18000375,TS FOR EVACUATION POWER FROM REZ IN RAJASTHAN (20GW) UNDER PHASE-III PART C1,2025-03-01,0.0,0.0,0.0
N18000375,TS FOR EVACUATION POWER FROM REZ IN RAJASTHAN (20GW) UNDER PHASE-III PART C1,2025-04-01,0.0,0.0,0.0
N18000375,TS FOR EVACUATION POWER FROM REZ IN RAJASTHAN (20GW) UNDER PHASE-III PART C1,2025-05-01,0.0,0.0,0.0
N18000375,TS FOR EVACUATION POWER FROM REZ IN RAJASTHAN (20GW) UNDER PHASE-III PART C1,2025-06-01,0.0,0.0,0.0
N18000378,TS FOR EVACUATION POWER FROM REZ IN RAJASTHAN (20GW) UNDER PHASE-III PART J,2024-08-01,0.0,0.0,0.0
N18000378,TS FOR EVACUATION POWER FROM REZ IN RAJASTHAN (20GW) UNDER PHASE-III PART J,2024-12-01,0.0,0.0,0.0
N18000378,TS FOR EVACUATION POWER FROM REZ IN RAJASTHAN (20GW) UNDER PHASE-III PART J,2025-01-01,0.0,0.0,0.0
N18000378,TS FOR EVACUATION POWER FROM REZ IN RAJASTHAN (20GW) UNDER PHASE-III PART J,2025-02-01,0.0,0.0,0.0
N18000378,TS FOR EVACUATION POWER FROM REZ IN RAJASTHAN (20GW) UNDER PHASE-III PART J,2025-03-01,0.0,0.0,0.0
N18000378,TS FOR EVACUATION POWER FROM REZ IN RAJASTHAN (20GW) UNDER PHASE-III PART J,2025-04-01,0.0,0.0,0.0
N18000378,TS FOR EVACUATION POWER FROM REZ IN RAJASTHAN (20GW) UNDER PHASE-III PART J,2025-05-01,0.0,0.0,0.0
N18000378,TS FOR EVACUATION POWER FROM REZ IN RAJASTHAN (20GW) UNDER PHASE-III PART J,2025-06-01,0.0,0.0,0.0
N18000380,TRANSMISSION SCHEME FOR SOLAR ENERGY ZONE IN ANANTHPURAM (2500MW) AND KURNOOL (1000MW),2024-08-01,0.0,0.0,0.0
N18000380,TRANSMISSION SCHEME FOR SOLAR ENERGY ZONE IN ANANTHPURAM (2500MW) AND KURNOOL (1000MW),2024-09-01,0.0,0.0,0.0
N18000380,TRANSMISSION SCHEME FOR SOLAR ENERGY ZONE IN ANANTHPURAM (2500MW) AND KURNOOL (1000MW),2024-11-01,0.0,0.0,0.0
N18000380,TRANSMISSION SCHEME FOR SOLAR ENERGY ZONE IN ANANTHPURAM (2500MW) AND KURNOOL (1000MW),2024-12-01,0.0,0.0,0.0
N18000380,TRANSMISSION SCHEME FOR SOLAR ENERGY ZONE IN ANANTHPURAM (2500MW) AND KURNOOL (1000MW),2025-01-01,0.0,0.0,0.0
N18000380,TRANSMISSION SCHEME FOR SOLAR ENERGY ZONE IN ANANTHPURAM (2500MW) AND KURNOOL (1000MW),2025-02-01,0.0,0.0,0.0
N18000380,TRANSMISSION SCHEME FOR SOLAR ENERGY ZONE IN ANANTHPURAM (2500MW) AND KURNOOL (1000MW),2025-03-01,0.0,0.0,0.0
N18000380,TRANSMISSION SCHEME FOR SOLAR ENERGY ZONE IN ANANTHPURAM (2500MW) AND KURNOOL (1000MW),2025-04-01,0.0,0.0,0.0
N18000380,TRANSMISSION SCHEME FOR SOLAR ENERGY ZONE IN ANANTHPURAM (2500MW) AND KURNOOL (1000MW),2025-05-01,0.0,0.0,0.0
N18000380,TRANSMISSION SCHEME FOR SOLAR ENERGY ZONE IN ANANTHPURAM (2500MW) AND KURNOOL (1000MW),2025-06-01,0.0,0.0,0.0
N18000383,TS FOR EVACUATION OF POWER FROM POTENTIAL RE ZONE IN KHAVDA AREA OF GUJARAT UNDER PH-IV PART E3,2024-09-01,0.0,0.0,0.0
N18000383,TS FOR EVACUATION OF POWER FROM POTENTIAL RE ZONE IN KHAVDA AREA OF GUJARAT UNDER PH-IV PART E3,2024-12-01,0.0,0.0,0.0
N18000383,TS FOR EVACUATION OF POWER FROM POTENTIAL RE ZONE IN KHAVDA AREA OF GUJARAT UNDER PH-IV PART E3,2025-01-01,0.0,0.0,0.0
N18000383,TS FOR EVACUATION OF POWER FROM POTENTIAL RE ZONE IN KHAVDA AREA OF GUJARAT UNDER PH-IV PART E3,2025-02-01,0.0,0.0,0.0
N18000383,TS FOR EVACUATION OF POWER FROM POTENTIAL RE ZONE IN KHAVDA AREA OF GUJARAT UNDER PH-IV PART E3,2025-03-01,0.0,0.0,0.0
N18000383,TS FOR EVACUATION OF POWER FROM POTENTIAL RE ZONE IN KHAVDA AREA OF GUJARAT UNDER PH-IV PART E3,2025-04-01,0.0,0.0,0.0
N18000383,TS FOR EVACUATION OF POWER FROM POTENTIAL RE ZONE IN KHAVDA AREA OF GUJARAT UNDER PH-IV PART E3,2025-05-01,0.0,0.0,0.0
N18000383,TS FOR EVACUATION OF POWER FROM POTENTIAL RE ZONE IN KHAVDA AREA OF GUJARAT UNDER PH-IV PART E3,2025-06-01,0.0,0.0,0.0
N18000387,TS FOR EVACUATION OF POWER FROM RAJASTHAN REZ PH-IV (PART-1) [BIKANER COMPLEX] PART D [NEEMRANA II B,2024-11-01,0.0,0.0,0.0
N18000387,TS FOR EVACUATION OF POWER FROM RAJASTHAN REZ PH-IV (PART-1) [BIKANER COMPLEX] PART D [NEEMRANA II B,2024-12-01,0.0,0.0,0.0
N18000387,TS FOR EVACUATION OF POWER FROM RAJASTHAN REZ PH-IV (PART-1) [BIKANER COMPLEX] PART D [NEEMRANA II B,2025-01-01,0.0,0.0,0.0
N18000387,TS FOR EVACUATION OF POWER FROM RAJASTHAN REZ PH-IV (PART-1) [BIKANER COMPLEX] PART D [NEEMRANA II B,2025-02-01,0.0,0.0,0.0
N18000387,TS FOR EVACUATION OF POWER FROM RAJASTHAN REZ PH-IV (PART-1) [BIKANER COMPLEX] PART D [NEEMRANA II B,2025-03-01,0.0,0.0,0.0
N18000387,TS FOR EVACUATION OF POWER FROM RAJASTHAN REZ PH-IV (PART-1) [BIKANER COMPLEX] PART D [NEEMRANA II B,2025-04-01,0.0,0.0,0.0
N18000387,TS FOR EVACUATION OF POWER FROM RAJASTHAN REZ PH-IV (PART-1) [BIKANER COMPLEX] PART D [NEEMRANA II B,2025-05-01,0.0,0.2577030812324929,0.2577030812324929
N18000387,TS FOR EVACUATION OF POWER FROM RAJASTHAN REZ PH-IV (PART-1) [BIKANER COMPLEX] PART D [NEEMRANA II B,2025-06-01,0.0,0.0,0.0
N18000393,TS FOR EVACUATION POWER FROM RAJASTHAN REZ PH-IV (PART-2:5.5GW) (JAISALMER/BARMER COMPLEX) PART-C,2024-12-01,0.0,0.0,0.0
N18000393,TS FOR EVACUATION POWER FROM RAJASTHAN REZ PH-IV (PART-2:5.5GW) (JAISALMER/BARMER COMPLEX) PART-C,2025-01-01,0.0,0.0,0.0
N18000393,TS FOR EVACUATION POWER FROM RAJASTHAN REZ PH-IV (PART-2:5.5GW) (JAISALMER/BARMER COMPLEX) PART-C,2025-02-01,0.0,0.0,0.0
N18000393,TS FOR EVACUATION POWER FROM RAJASTHAN REZ PH-IV (PART-2:5.5GW) (JAISALMER/BARMER COMPLEX) PART-C,2025-03-01,0.0,0.0,0.0
N18000393,TS FOR EVACUATION POWER FROM RAJASTHAN REZ PH-IV (PART-2:5.5GW) (JAISALMER/BARMER COMPLEX) PART-C,2025-04-01,0.0,0.0,0.0
N18000393,TS FOR EVACUATION POWER FROM RAJASTHAN REZ PH-IV (PART-2:5.5GW) (JAISALMER/BARMER COMPLEX) PART-C,2025-05-01,0.0,0.0,0.0
N18000393,TS FOR EVACUATION POWER FROM RAJASTHAN REZ PH-IV (PART-2:5.5GW) (JAISALMER/BARMER COMPLEX) PART- C,2025-06-01,0.0,0.0,0.0
N18000398,AUGMENTATION OF TRANSFORMATION CAPACITY AT JAM KHAMBHALIYA PS [GIS] [SPV NAME POWERGRID JAM KHAMBHAL,2025-02-01,0.0,0.0,0.0
N18000398,AUGMENTATION OF TRANSFORMATION CAPACITY AT JAM KHAMBHALIYA PS [GIS] [SPV NAME POWERGRID JAM KHAMBHAL,2025-03-01,0.0,0.0,0.0
N18000398,AUGMENTATION OF TRANSFORMATION CAPACITY AT JAM KHAMBHALIYA PS [GIS] [SPV NAME POWERGRID JAM KHAMBHAL,2025-04-01,0.0,0.0,0.0
N18000398,AUGMENTATION OF TRANSFORMATION CAPACITY AT JAM KHAMBHALIYA PS [GIS] [SPV NAME POWERGRID JAM KHAMBHAL,2025-05-01,0.0,0.0,0.0
N18000398,AUGMENTATION OF TRANSFORMATION CAPACITY AT JAM KHAMBHALIYA PS [GIS] [SPV NAME POWERGRID JAM KHAMBHAL,2025-06-01,0.0,0.0,0.0
N18000405,TRANSMISSION SYSTEM FOR EVACUATION OF POWER FROM POTENTIAL RENEWABLE ENERGY ZONE IN KHAVDA AREA OF G,2025-02-01,0.0,0.9238065782834953,0.9238065782834953
N18000405,TRANSMISSION SYSTEM FOR EVACUATION OF POWER FROM POTENTIAL RENEWABLE ENERGY ZONE IN KHAVDA AREA OF G,2025-03-01,0.0,0.9238065782834953,0.9238065782834953
N18000405,TRANSMISSION SYSTEM FOR EVACUATION OF POWER FROM POTENTIAL RENEWABLE ENERGY ZONE IN KHAVDA AREA OF G,2025-04-01,0.0,0.9238065782834953,0.9238065782834953
N18000405,TRANSMISSION SYSTEM FOR EVACUATION OF POWER FROM POTENTIAL RENEWABLE ENERGY ZONE IN KHAVDA AREA OF G,2025-05-01,0.0,0.9238065782834953,0.9238065782834953
N18000405,TRANSMISSION SYSTEM FOR EVACUATION OF POWER FROM POTENTIAL RENEWABLE ENERGY ZONE IN KHAVDA AREA OF G,2025-06-01,0.0,0.9238065782834953,0.9238065782834953
